t_wall,scan_stamp_sec,odom_stamp_sec,camera_stamp_sec,goal_stamp_sec,goal_x,goal_y,camera_h,camera_w,velocity,goal_distance,goal_angle,state_0,state_1,state_2,state_3,state_4,state_5,state_6,state_7,state_8,state_9,state_10,state_11,state_12,state_13,state_14,state_15,state_16,state_17
1774177482.629973,470.957000,471.047000,470.971000,1774177482.431219,2.000000,2.000000,480,640,0.195431,2.808764,0.788827,10.226433,10.226433,10.226433,0.925225,0.930674,1.072404,1.591040,4.642737,2.222971,3.579146,0.930601,0.925250,10.226433,10.226433,10.226433,0.195431,2.808764,0.788827
1774177482.729664,471.057000,471.147000,470.971000,1774177482.631400,2.000000,2.000000,480,640,0.200615,2.794716,0.789402,10.213123,10.213123,10.213123,0.924760,0.930761,1.074166,1.597886,4.716944,2.207900,3.560971,0.930522,0.925276,10.213123,10.213123,10.213123,0.200615,2.794716,0.789402
1774177482.829532,471.157000,471.247000,471.172000,1774177482.631400,2.000000,2.000000,480,640,0.200593,2.780663,0.789245,10.202690,10.202690,10.202690,0.924383,0.930917,1.076723,1.607800,4.827062,2.186805,3.549860,0.930426,0.925628,10.202690,10.202690,10.202690,0.200593,2.780663,0.789245
1774177482.929445,471.257000,471.347000,471.271000,1774177482.831235,2.000000,2.000000,480,640,0.200499,2.766604,0.788362,10.193952,10.193952,10.193952,0.924052,0.931192,1.079784,1.619493,4.960405,2.168036,3.542125,0.930262,0.925983,10.193952,10.193952,10.193952,0.200499,2.766603,0.788362
1774177483.029289,471.357000,471.447000,471.372000,1774177482.831235,2.000000,2.000000,480,640,0.200588,2.752526,0.786885,10.187165,10.187165,10.187165,0.923789,0.931620,1.083429,1.633235,5.122348,2.152161,3.538345,0.930025,0.926240,10.187165,10.187165,10.187165,0.200588,2.752526,0.786885
1774177483.129355,471.457000,471.547000,471.471000,1774177483.031276,2.000000,2.000000,480,640,0.200590,2.738424,0.784882,10.142614,10.142614,10.142614,0.923544,0.932226,1.087627,1.648881,4.104744,2.136905,3.524061,4.109518,0.926468,10.142614,10.142614,10.142614,0.200590,2.738424,0.784882
1774177483.229543,471.557000,471.647000,471.471000,1774177483.031276,2.000000,2.000000,480,640,0.200617,2.724289,0.782429,10.138025,10.138025,10.138025,0.923404,0.933029,1.092376,1.666403,3.981828,2.122208,3.507230,4.123166,0.926623,10.138025,10.138025,10.138025,0.200617,2.724289,0.782429
1774177483.329349,471.657000,471.747000,471.671000,1774177483.231245,2.000000,2.000000,480,640,0.200609,2.710117,0.779605,10.135008,10.135008,10.135008,0.923372,0.934050,1.097669,1.685759,3.858703,2.108002,3.489903,4.141048,0.926645,10.135008,10.135008,10.135008,0.200609,2.710117,0.779605
1774177483.430001,471.757000,471.847000,471.771000,1774177483.231245,2.000000,2.000000,480,640,0.200638,2.695902,0.776499,10.093113,10.093113,10.093113,0.923433,0.935303,1.103491,1.706887,3.737208,2.085183,3.471817,4.162642,0.926601,10.093113,10.093113,10.093113,0.200638,2.695902,0.776499
1774177483.529491,471.857000,471.947000,471.771000,1774177483.431198,2.000000,2.000000,480,640,0.200613,2.681645,0.773178,10.091382,10.091382,10.091382,0.923665,0.936801,1.109814,1.729680,3.618971,2.062005,3.464539,4.187786,0.926501,10.091382,10.091382,10.091382,0.200613,2.681645,0.773178
1774177483.629507,471.957000,472.047000,471.971000,1774177483.431198,2.000000,2.000000,480,640,0.200581,2.667350,0.769261,10.050858,10.050858,10.050858,0.923991,0.938550,1.116640,1.754166,3.504479,2.048577,3.472539,4.216277,0.926890,10.050858,10.050858,10.050858,0.200581,2.667350,0.769261
1774177483.729514,472.057000,472.147000,471.971000,1774177483.631344,2.000000,2.000000,480,640,0.200566,2.653003,0.764824,10.051007,10.051007,10.051007,0.924463,0.940587,1.124241,1.781510,3.389263,2.035861,3.451881,4.251850,0.927848,10.051007,10.051007,10.051007,0.200566,2.653003,0.764824
1774177483.829545,472.157000,472.247000,472.171000,1774177483.631344,2.000000,2.000000,480,640,0.200562,2.638590,0.760454,10.012962,10.012962,10.012962,0.925034,0.942940,1.132579,1.811547,3.275828,2.008161,3.430601,4.293658,0.927932,10.012962,10.012962,10.012962,0.200562,2.638590,0.760454
1774177483.929429,472.257000,472.347000,472.271000,1774177483.831219,2.000000,2.000000,480,640,0.200533,2.624121,0.756229,10.014085,10.014085,0.951417,0.925843,0.945609,1.141412,1.843219,3.169008,1.992434,3.421378,4.337361,0.929493,10.014085,10.014085,10.014085,0.200533,2.624121,0.756229
1774177484.680147,472.357000,472.427000,472.372000,1774177483.831219,2.000000,2.000000,480,640,0.200390,2.612504,0.753053,9.975414,9.975414,0.950381,0.926830,0.948498,1.150409,1.875343,3.071898,1.979972,3.425369,4.380842,0.931516,9.975414,9.975414,9.975414,0.200390,2.612504,0.753053
1774177484.730076,472.660000,472.657000,472.670000,1774177484.697965,2.000000,2.000000,480,640,0.200549,2.579003,0.751432,9.919780,9.919780,0.951206,0.931718,0.957899,1.174172,1.955208,2.871818,1.914276,3.378585,4.437596,0.934974,9.919780,9.919780,9.919780,0.200549,2.579003,0.751432
1774177484.829563,472.759000,472.837000,472.772000,1774177484.697965,2.000000,2.000000,480,640,0.200546,2.552802,0.752767,9.910118,9.910118,0.952351,0.933734,0.961081,1.181039,1.976806,2.825737,1.896616,3.366947,4.436791,0.937136,9.910118,9.910118,9.910118,0.200546,2.552802,0.752767
1774177484.929410,472.859000,472.947000,472.871000,1774177484.831310,2.000000,2.000000,480,640,0.200544,2.536816,0.754670,9.899641,9.899641,0.953740,0.935881,0.964327,1.187745,1.997450,2.784126,1.878454,3.356144,4.431140,0.939542,9.899641,9.899641,9.899641,0.200544,2.536816,0.754670
1774177485.029382,472.959000,473.047000,472.871000,1774177484.831310,2.000000,2.000000,480,640,0.200543,2.522314,0.757302,9.887370,9.887370,0.955463,0.938205,0.967559,1.193933,2.015587,2.749661,1.859381,3.346865,4.416068,0.942050,9.887370,9.887370,9.887370,0.200543,2.522314,0.757302
1774177485.129466,473.059000,473.147000,473.071000,1774177485.031250,2.000000,2.000000,480,640,0.200539,2.507855,0.760886,9.873306,9.873306,0.957468,0.940656,0.970725,1.199588,2.031167,2.721636,1.844298,3.339008,4.391779,0.944637,9.873306,9.873306,9.873306,0.200539,2.507855,0.760886
1774177485.229504,473.159000,473.247000,473.071000,1774177485.031250,2.000000,2.000000,480,640,0.200536,2.493453,0.765442,9.857149,9.857149,0.959821,0.943295,0.973883,1.204584,2.043655,2.700480,1.833343,3.332731,4.357084,0.947236,9.857149,9.857149,9.857149,0.200536,2.493453,0.765442
1774177485.330629,473.259000,473.347000,473.071000,1774177485.231183,2.000000,2.000000,480,640,0.200536,2.479120,0.770981,9.838823,9.838823,0.962443,0.946025,0.976905,1.208864,2.052849,2.686082,1.815047,3.298888,4.311890,0.949810,9.838823,9.838823,9.838823,0.200536,2.479120,0.770981
1774177485.429483,473.359000,473.447000,473.371000,1774177485.231183,2.000000,2.000000,480,640,0.200537,2.464871,0.777411,9.818312,9.818312,0.965334,0.948851,0.979802,1.212393,2.058640,2.678331,1.792010,3.293223,4.256431,0.955403,1.010359,9.818312,9.818312,0.200537,2.464871,0.777411
1774177485.529531,473.459000,473.547000,473.472000,1774177485.431183,2.000000,2.000000,480,640,0.200537,2.450718,0.784908,9.795855,9.795855,0.968453,0.951747,0.982569,1.215221,2.061322,2.676532,1.768123,3.291541,4.192129,0.961005,1.006641,9.795855,9.795855,0.200537,2.450718,0.784908
1774177485.629536,473.559000,473.647000,473.571000,1774177485.431183,2.000000,2.000000,480,640,0.200538,2.436679,0.793364,9.771097,9.771097,0.971832,0.954714,0.985163,1.217185,2.060240,2.681992,1.761694,3.262846,4.117706,0.963650,1.002343,9.771097,9.771097,0.200538,2.436679,0.793364
1774177485.729357,473.659000,473.747000,473.671000,1774177485.631143,2.000000,2.000000,480,640,0.200539,2.422766,0.802753,9.744376,9.744376,0.975426,0.957726,0.987584,1.218362,2.055840,2.694097,1.735624,3.262499,4.035055,0.966164,0.997570,9.744376,9.744376,0.200539,2.422765,0.802753
1774177485.829482,473.759000,473.847000,473.671000,1774177485.631143,2.000000,2.000000,480,640,0.200541,2.408993,0.813041,9.715853,9.715853,0.979218,0.960771,0.989827,1.218771,2.048293,2.712925,1.718502,3.246885,3.945233,0.976059,0.992375,9.715853,9.715853,0.200541,2.408993,0.813041
1774177485.930978,473.859000,473.947000,473.671000,1774177485.831226,2.000000,2.000000,480,640,0.200543,2.395376,0.824187,9.685720,9.685720,0.983191,0.963837,0.991889,1.218439,2.037825,2.738596,1.699330,3.239805,3.849402,0.978583,0.986820,9.685720,9.685720,0.200543,2.395376,0.824187
1774177486.029403,473.959000,474.047000,473.972000,1774177485.831226,2.000000,2.000000,480,640,0.200545,2.381928,0.836141,9.693491,9.693491,0.987327,0.966865,0.993769,1.217406,2.024707,2.771276,1.684846,3.216457,3.748774,1.018321,0.981324,9.693491,9.693491,0.200545,2.381928,0.836141
1774177486.129529,474.059000,474.147000,474.072000,1774177486.031202,2.000000,2.000000,480,640,0.200547,2.368662,0.848844,9.659654,9.659654,0.991610,0.969842,0.995472,1.215724,2.009260,2.811125,1.659557,3.222549,3.644612,1.079085,0.992017,9.659654,9.659654,0.200547,2.368662,0.848844
1774177486.229416,474.159000,474.247000,474.172000,1774177486.031202,2.000000,2.000000,480,640,0.200550,2.355591,0.862232,9.664909,9.664909,0.996018,0.972801,0.997005,1.213452,1.991823,2.858338,1.647741,3.201823,3.538131,1.143131,0.994439,9.664909,9.664909,0.200550,2.355591,0.862232
1774177486.329381,474.259000,474.347000,474.272000,1774177486.231257,2.000000,2.000000,480,640,0.200553,2.342727,0.876233,9.627974,9.627974,1.000533,0.975650,0.998374,1.210653,1.972748,2.913119,1.627305,3.182643,3.430482,1.210721,1.006578,9.627974,9.627974,0.200553,2.342727,0.876233
1774177486.429380,474.359000,474.447000,474.272000,1774177486.231257,2.000000,2.000000,480,640,0.200556,2.330081,0.890770,9.590535,9.590535,1.005133,0.978417,0.999590,1.207398,1.952390,2.975673,1.603629,3.191171,3.322724,1.282102,1.009146,9.590535,9.590535,0.200556,2.330081,0.890770
1774177486.529508,474.459000,474.547000,474.471000,1774177486.431223,2.000000,2.000000,480,640,0.200530,2.317665,0.905759,9.591751,9.591751,1.009792,0.981083,1.000662,1.203759,1.931106,3.046157,1.589939,3.173744,3.215825,1.357489,1.022551,9.591751,9.591751,0.200530,2.317665,0.905759
1774177486.629556,474.559000,474.647000,474.571000,1774177486.431223,2.000000,2.000000,480,640,0.200563,2.305486,0.921122,9.552537,9.552537,1.014488,0.983598,1.001603,1.199806,1.909216,3.124761,1.575844,3.183588,3.157380,1.437093,1.025452,9.552537,9.552537,0.200563,2.305486,0.921122
1774177486.729479,474.659000,474.747000,474.672000,1774177486.631351,2.000000,2.000000,480,640,0.200567,2.293553,0.936763,9.552406,9.552406,1.019193,0.986003,1.002421,1.195609,1.887031,3.211585,1.559369,3.194275,3.141919,1.521073,1.040390,9.552406,9.552406,0.200567,2.293553,0.936763
1774177486.829452,474.759000,474.847000,474.771000,1774177486.631351,2.000000,2.000000,480,640,0.200545,2.281873,0.952585,9.552665,9.552665,1.023827,0.988217,1.003125,1.191242,1.864861,3.306539,1.535148,3.205701,3.136769,1.609495,1.043893,9.552665,9.552665,0.200545,2.281873,0.952585
1774177486.929315,474.859000,474.947000,474.871000,1774177486.831227,2.000000,2.000000,480,640,0.200583,2.270449,0.968504,9.511610,9.511610,1.028493,0.990298,1.003723,1.186772,1.842972,3.409457,1.513192,3.217751,3.137186,1.702372,1.058917,9.511610,9.511610,0.200583,2.270449,0.968504
1774177487.029364,474.959000,475.047000,474.971000,1774177486.831227,2.000000,2.000000,480,640,0.200384,2.259286,0.984422,9.511693,9.511693,1.033022,0.992166,1.004224,1.182259,1.821586,5.224933,1.498164,1.579809,3.122896,1.799661,1.065227,9.511693,9.511693,0.200384,2.259286,0.984422
1774177487.129457,475.059000,475.147000,475.071000,1774177487.031189,2.000000,2.000000,480,640,0.011264,2.255968,0.960148,9.471070,9.471070,1.037416,0.993884,1.004629,1.177765,1.800927,5.205179,1.483185,1.543405,3.108981,1.901137,1.074919,9.471070,9.471070,0.011264,2.255968,0.960149
1774177487.229597,475.159000,475.247000,475.171000,1774177487.031189,2.000000,2.000000,480,640,0.001613,2.255953,0.913607,9.464882,1.271549,1.024435,0.990783,1.007085,1.200511,1.892806,3.206380,1.477915,3.190666,3.114056,1.748131,1.082066,9.464882,9.464882,0.001613,2.255953,0.913607
1774177487.329657,475.259000,475.347000,475.271000,1774177487.231529,2.000000,2.000000,480,640,0.001731,2.255972,0.867134,9.490694,1.220888,1.008336,0.986000,1.011831,1.235079,2.039170,2.767608,1.489469,3.127787,3.113626,1.569332,1.088162,9.490694,9.490694,0.001731,2.255972,0.867134
1774177487.429458,475.359000,475.447000,475.371000,1774177487.231529,2.000000,2.000000,480,640,0.001747,2.255990,0.820233,9.475884,1.176308,0.994619,0.981235,1.018931,1.275169,2.218317,2.440404,1.482213,3.117472,3.505308,1.426322,1.089221,9.475884,9.475884,0.001747,2.255991,0.820233
1774177487.530136,475.459000,475.547000,475.371000,1774177487.431556,2.000000,2.000000,480,640,0.001373,2.256007,0.772844,9.503648,1.136924,0.983187,0.976427,1.028592,1.321870,2.442533,2.186940,1.494168,3.130110,4.025158,1.309469,1.090682,9.503648,9.503648,0.001373,2.256007,0.772844
1774177487.629302,475.559000,475.647000,475.571000,1774177487.431556,2.000000,2.000000,480,640,0.001377,2.256022,0.724905,9.490269,1.101081,0.973997,0.971612,1.041065,1.376508,2.730611,1.985083,1.487259,3.118789,4.443199,1.212490,1.094922,9.490269,9.490269,0.001377,2.256021,0.724905
1774177487.729408,475.659000,475.747000,475.671000,1774177487.631192,2.000000,2.000000,480,640,0.001380,2.256031,0.676264,9.478253,1.069799,0.967046,0.966823,1.056662,1.440788,3.113290,1.820862,1.500058,3.129830,3.365674,1.131038,1.103868,9.478253,9.478253,0.001380,2.256032,0.676264
1774177487.829630,475.759000,475.847000,475.671000,1774177487.631192,2.000000,2.000000,480,640,0.001188,2.256039,0.626921,9.509934,1.041458,0.962054,0.962963,1.075794,1.517032,3.645286,1.684880,1.493777,3.140076,2.709799,1.112181,1.143032,9.509934,9.509934,0.001188,2.256039,0.626921
1774177487.929574,475.859000,475.947000,475.871000,1774177487.831195,2.000000,2.000000,480,640,0.000054,2.256042,0.576824,9.500422,1.016693,0.957264,0.961460,1.098981,1.608389,4.433429,1.570687,1.495862,3.148246,2.269482,1.115613,1.198661,9.500422,9.500422,0.000054,2.256042,0.576824
1774177488.029411,475.959000,476.047000,475.871000,1774177487.831195,2.000000,2.000000,480,640,0.000078,2.255989,0.525499,9.492547,0.995044,0.952509,0.962443,1.126834,1.719024,5.191954,1.502509,1.523197,3.134383,1.954672,1.119621,9.492547,9.492547,9.492547,0.000078,2.255989,0.525499
1774177488.129636,476.059000,476.147000,476.072000,1774177488.031261,2.000000,2.000000,480,640,0.000152,2.255963,0.473705,1.202075,0.976447,0.947866,0.966130,1.160530,1.856369,3.194438,1.498177,1.587058,3.140825,1.717433,1.124579,9.487411,9.487411,9.487411,0.000152,2.255963,0.473705
1774177488.229420,476.159000,476.247000,476.171000,1774177488.031261,2.000000,2.000000,480,640,0.004324,2.255622,0.417972,1.150724,0.960505,0.943193,0.972752,1.200469,2.027074,2.733059,1.494041,3.146605,3.236056,1.535539,1.129846,9.483133,9.483133,9.483133,0.004324,2.255621,0.417972
1774177488.329476,476.259000,476.347000,476.272000,1774177488.231277,2.000000,2.000000,480,640,0.002432,2.255391,0.362355,1.103927,0.947239,0.938717,0.983624,1.252249,2.263573,2.370681,1.494214,3.146451,3.772043,1.382957,1.138749,9.489161,9.489161,9.489161,0.002432,2.255391,0.362355
1774177488.429299,476.359000,476.447000,476.371000,1774177488.231277,2.000000,2.000000,480,640,0.005019,2.255271,0.307396,1.064013,0.937222,0.934322,0.997762,1.312286,2.567649,2.106344,1.494207,3.147731,4.523115,1.265286,1.140420,9.492293,9.492293,9.492293,0.005019,2.255271,0.307396
1774177488.529332,476.459000,476.547000,476.471000,1774177488.431256,2.000000,2.000000,480,640,0.004158,2.255148,0.251514,1.029856,0.930301,0.930052,1.015706,1.383474,2.980134,1.902261,1.496220,3.149059,3.504675,1.170866,1.142646,9.494921,9.494921,9.494921,0.004158,2.255148,0.251514
1774177488.629361,476.559000,476.647000,476.572000,1774177488.431256,2.000000,2.000000,480,640,0.005463,2.254946,0.194117,1.000231,0.925936,0.927065,1.038415,1.470456,3.584239,1.737255,1.495994,3.158563,2.744624,1.147383,1.195165,9.499962,9.499962,9.499962,0.005463,2.254946,0.194117
1774177488.729178,476.659000,476.747000,476.671000,1774177488.631221,2.000000,2.000000,480,640,0.004309,2.254756,0.136002,0.974769,0.922040,0.927331,1.066917,1.578734,4.554929,1.600872,1.492855,3.169215,2.257306,1.156476,9.508374,9.508374,9.508374,9.508374,0.004309,2.254755,0.136002
1774177488.829465,476.759000,476.847000,476.771000,1774177488.631221,2.000000,2.000000,480,640,0.005808,2.254557,0.076731,0.953433,0.918368,0.931012,1.101511,1.712602,5.163188,1.491744,1.513233,3.165668,1.922708,1.166111,9.473730,9.473730,9.473730,1.178242,0.005808,2.254557,0.076731
1774177488.929379,476.859000,476.947000,476.771000,1774177488.831244,2.000000,2.000000,480,640,0.002388,2.254363,0.016743,0.936005,0.914884,0.938422,1.144286,1.885330,3.013587,1.493007,3.208252,3.161384,1.681268,1.167834,9.484430,9.484430,9.484430,1.122805,0.002388,2.254363,0.016743
1774177489.029363,476.959000,477.047000,476.971000,1774177488.831244,2.000000,2.000000,480,640,0.000341,2.254220,-0.043690,0.922423,0.911657,0.949907,1.196702,2.112431,2.555718,1.496058,3.166847,3.480399,1.496367,1.171618,9.499754,9.499754,9.499754,1.074561,0.000341,2.254220,-0.043690
1774177489.129396,477.059000,477.147000,477.071000,1774177489.031278,2.000000,2.000000,480,640,0.000703,2.254134,-0.104259,0.912551,0.908659,0.965648,1.259826,2.414987,2.227004,1.494656,3.170065,4.193461,1.354915,1.182453,9.469553,9.469553,9.469553,1.033932,0.000703,2.254134,-0.104259
1774177489.229507,477.159000,477.247000,477.171000,1774177489.031278,2.000000,2.000000,480,640,0.009402,2.253600,-0.168374,0.906367,0.905911,0.986060,1.336306,2.836460,1.979768,1.484064,3.162712,3.832535,1.243703,1.184589,9.484821,9.484821,9.484821,0.999733,0.009402,2.253600,-0.168374
1774177489.329406,477.259000,477.347000,477.271000,1774177489.231207,2.000000,2.000000,480,640,0.009560,2.252667,-0.235636,0.903890,0.905068,1.014269,1.437337,3.512569,1.775712,1.487051,3.171318,2.880687,1.191139,1.224653,9.464811,9.464811,9.464811,0.970244,0.009560,2.252667,-0.235636
1774177489.429368,477.359000,477.447000,477.371000,1774177489.231207,2.000000,2.000000,480,640,0.009704,2.251736,-0.303553,0.902501,0.908771,1.051026,1.569036,4.705411,1.610113,1.474625,3.167368,2.307838,1.191513,9.496722,9.496722,9.496722,1.205231,0.946060,0.009704,2.251736,-0.303553
1774177489.529349,477.459000,477.547000,477.471000,1774177489.431316,2.000000,2.000000,480,640,0.009836,2.250811,-0.372040,0.901563,0.917280,1.096863,1.739177,5.121616,1.477436,1.484804,3.158132,1.935827,1.205912,9.483711,9.483711,9.483711,1.138253,0.927422,0.009836,2.250811,-0.372040
1774177489.629277,477.559000,477.647000,477.571000,1774177489.431316,2.000000,2.000000,480,640,0.009958,2.249900,-0.441011,0.901111,0.930927,1.153656,1.964415,2.800832,1.473323,3.182470,3.160520,1.676587,1.205019,9.472063,9.472063,9.472063,1.083139,0.914009,0.009958,2.249900,-0.441011
1774177489.729325,477.659000,477.747000,477.571000,1774177489.631220,2.000000,2.000000,480,640,0.001081,2.249528,-0.506762,0.901142,0.950179,1.223150,2.272797,2.356145,1.462353,3.161843,3.757011,1.487034,1.206867,9.461562,9.461562,9.461562,1.038012,0.905602,0.001081,2.249528,-0.506762
1774177489.829257,477.759000,477.847000,477.772000,1774177489.631220,2.000000,2.000000,480,640,0.001652,2.249464,-0.570664,0.900988,0.973252,1.303475,2.681228,2.057227,1.461235,3.152174,4.478066,1.351229,1.216044,9.441383,9.441383,9.441383,1.002748,0.901523,0.001652,2.249464,-0.570664
1774177489.929505,477.859000,477.947000,477.871000,1774177489.831201,2.000000,2.000000,480,640,0.001807,2.249511,-0.634529,0.901513,1.001790,1.400943,3.274197,1.835402,1.452779,3.154141,3.287606,1.246330,1.218588,9.465017,9.465017,9.465017,0.974394,0.901051,0.001807,2.249511,-0.634529
1774177490.029479,477.959000,478.047000,477.971000,1774177489.831201,2.000000,2.000000,480,640,0.001529,2.249547,-0.698365,0.905606,1.036464,1.520153,4.226851,1.662390,1.451528,3.159565,2.615301,1.220753,1.276759,9.441704,9.441704,1.227905,0.951719,0.901417,0.001529,2.249547,-0.698365
1774177490.129369,478.059000,478.147000,478.071000,1774177490.031212,2.000000,2.000000,480,640,0.001603,2.249575,-0.762101,0.913799,1.078160,1.667817,5.080715,1.524193,1.441880,3.146665,2.185226,1.231124,9.418713,9.418713,9.418713,1.162755,0.934274,0.902197,0.001603,2.249575,-0.762101
1774177490.229512,478.159000,478.247000,478.172000,1774177490.031212,2.000000,2.000000,480,640,0.001350,2.249597,-0.825637,0.926415,1.128966,1.857846,3.055304,1.439929,1.471169,3.152758,1.887869,1.224961,9.441841,9.441841,9.441841,1.109147,0.921622,0.903442,0.001350,2.249597,-0.825637
1774177490.334196,478.259000,478.347000,478.271000,1774177490.231229,2.000000,2.000000,480,640,0.000701,2.249612,-0.888909,0.943795,1.190698,2.108525,2.557011,1.430766,3.138003,3.246504,1.671430,1.232332,9.417923,9.417923,9.417923,1.065150,0.913440,0.905071,0.000701,2.249613,-0.888909
1774177490.429640,478.359000,478.447000,478.372000,1774177490.231229,2.000000,2.000000,480,640,0.001178,2.249625,-0.951782,0.965630,1.263348,2.442798,2.205621,1.427356,3.143739,3.952259,1.507938,1.238449,9.440396,9.440396,9.440396,1.029253,0.909471,0.907095,0.001178,2.249625,-0.951782
1774177490.529833,478.459000,478.547000,478.472000,1774177490.431286,2.000000,2.000000,480,640,0.001683,2.249626,-1.014251,0.992936,1.352666,2.912484,1.945411,1.418844,3.129129,4.136765,1.380881,1.232558,9.414727,9.414727,9.414727,1.000286,0.909553,0.909541,0.001683,2.249626,-1.014251
1774177490.629502,478.559000,478.647000,478.572000,1774177490.431286,2.000000,2.000000,480,640,0.003231,2.249648,-1.076483,1.025998,1.458673,3.614024,1.745914,1.414984,3.134897,3.164987,1.280084,1.237023,9.388686,9.388686,1.291920,0.977347,0.912294,0.914560,0.003231,2.249648,-1.076483
1774177490.729258,478.659000,478.747000,478.671000,1774177490.631317,2.000000,2.000000,480,640,0.001869,2.249704,-1.138726,1.065770,1.591785,4.774837,1.587880,1.406312,3.120273,2.578190,1.243359,1.283545,9.408826,9.408826,1.222513,0.959663,0.915499,0.923592,0.001869,2.249704,-1.138726
1774177490.829417,478.759000,478.847000,478.771000,1774177490.631317,2.000000,2.000000,480,640,0.000177,2.249762,-1.200337,1.113544,1.755807,5.038880,1.460568,1.402146,3.125744,2.187805,1.241357,9.382013,9.382013,9.382013,1.165535,0.946697,0.918954,0.936635,0.000177,2.249762,-1.200337
1774177490.929534,478.859000,478.947000,478.871000,1774177490.831280,2.000000,2.000000,480,640,0.003898,2.249861,-1.261621,1.168944,1.960948,2.837373,1.393737,1.440180,3.111378,1.910593,1.236096,9.400939,9.400939,9.400939,1.118743,0.938073,0.922743,0.953857,0.003898,2.249861,-1.261621
1774177491.029798,478.959000,479.047000,478.971000,1774177490.831280,2.000000,2.000000,480,640,0.000992,2.249960,-1.322071,1.235738,2.231868,2.405194,1.390116,3.110331,3.274203,1.704697,1.238783,9.372298,9.372298,9.372298,1.080520,0.933527,0.926803,0.975468,0.000992,2.249959,-1.322071
1774177491.132215,479.059000,479.147000,479.072000,1774177491.031293,2.000000,2.000000,480,640,0.000372,2.250067,-1.381650,1.312795,2.588573,2.094259,1.380171,3.103756,3.994663,1.546909,1.241718,9.388482,9.388482,9.388482,1.049544,0.932772,0.931128,1.001626,0.000372,2.250067,-1.381650
1774177491.229498,479.159000,479.247000,479.072000,1774177491.031293,2.000000,2.000000,480,640,0.001610,2.250222,-1.440531,1.404569,3.075358,1.862988,1.382128,3.091253,4.125987,1.422913,1.243541,9.355045,9.355045,9.355045,1.024759,0.935607,0.935744,1.032623,0.001610,2.250222,-1.440531
1774177491.329884,479.259000,479.347000,479.271000,1774177491.231194,2.000000,2.000000,480,640,0.002787,2.250344,-1.498147,1.513452,3.793082,1.679848,1.364610,3.098963,3.228044,1.323359,1.244279,9.368824,9.368824,1.324479,1.005264,0.940273,0.942960,1.068836,0.002787,2.250344,-1.498147
1774177491.429232,479.359000,479.447000,479.371000,1774177491.231194,2.000000,2.000000,480,640,0.003910,2.250491,-1.555284,1.643121,4.928837,1.537714,1.365497,3.088880,2.670641,1.242557,1.243590,9.331901,9.331901,1.261374,0.990487,0.945068,0.953499,1.110629,0.003910,2.250491,-1.555285
1774177491.539771,479.459000,479.547000,479.471000,1774177491.431249,2.000000,2.000000,480,640,0.000680,2.250539,-1.610518,1.799897,5.010709,1.419757,1.362452,3.078180,2.289548,1.241096,1.309033,9.341173,9.341173,1.209169,0.979753,0.949960,0.967380,1.158907,0.000680,2.250539,-1.610518
1774177491.631993,479.559000,479.647000,479.572000,1774177491.431249,2.000000,2.000000,480,640,0.000730,2.250547,-1.664623,1.988374,2.829996,1.351076,1.389326,3.070170,2.018601,1.238072,9.344743,9.344743,9.344743,1.166736,0.972841,0.954918,0.984330,1.213405,0.000730,2.250547,-1.664623
1774177491.729606,479.659000,479.747000,479.671000,1774177491.631197,2.000000,2.000000,480,640,0.000773,2.250560,-1.717835,2.220886,2.425314,1.343918,3.082664,3.063248,1.814089,1.232875,9.345981,9.345981,9.345981,1.131668,0.969190,0.959939,1.004517,1.275577,0.000773,2.250560,-1.717835
1774177491.829191,479.759000,479.847000,479.671000,1774177491.631197,2.000000,2.000000,480,640,0.000828,2.250576,-1.770174,2.514408,2.130987,1.341687,3.057258,3.570333,1.654340,1.226545,9.343864,9.343864,9.343864,1.102677,0.968516,0.965003,1.028070,1.346699,0.000828,2.250576,-1.770174
1774177491.929291,479.859000,479.947000,479.873000,1774177491.831189,2.000000,2.000000,480,640,0.000815,2.250600,-1.821662,2.895074,1.903770,1.338820,3.052182,4.343310,1.526471,1.226149,9.341184,9.341184,9.341184,1.078856,0.970625,0.970097,1.055152,1.428262,0.000815,2.250600,-1.821662
1774177492.029207,479.959000,480.047000,479.971000,1774177491.831189,2.000000,2.000000,480,640,0.000921,2.250627,-1.872326,3.406397,1.725152,1.334779,3.047996,3.877879,1.422070,1.229886,9.336616,9.336616,9.336616,1.059452,0.975186,0.975810,1.085969,1.522191,0.000921,2.250627,-1.872326
1774177492.129538,480.059000,480.147000,479.971000,1774177492.031197,2.000000,2.000000,480,640,0.198730,2.253091,-1.896882,4.135900,1.580086,1.331333,3.044706,3.174482,1.335521,1.222037,9.331544,9.331544,1.366578,1.043929,0.980276,0.983938,1.120801,1.630929,0.198730,2.253091,-1.896882
1774177492.229966,480.159000,480.237000,479.971000,1774177492.031197,2.000000,2.000000,480,640,0.198047,2.258860,-1.899081,4.392087,1.540974,1.341188,3.044438,2.991069,1.297019,1.210118,9.332329,9.332329,1.356072,1.044074,0.985044,0.989915,1.134569,1.668025,0.198047,2.258860,-1.899081
1774177492.330090,480.259000,480.337000,480.271000,1774177492.231242,2.000000,2.000000,480,640,0.198040,2.265305,-1.900793,4.298024,1.547675,1.344675,3.046915,2.983091,1.275930,1.197546,9.337486,9.337486,1.369351,1.050503,0.988990,0.993299,1.135215,1.661027,0.198040,2.265305,-1.900793
1774177492.429392,480.359000,480.437000,480.371000,1774177492.231242,2.000000,2.000000,480,640,0.198059,2.271777,-1.901834,4.195281,1.556277,1.357904,3.050268,2.982827,1.255718,1.182452,9.341230,9.341230,9.341230,1.057338,0.992967,0.996701,1.135487,1.652654,0.198059,2.271777,-1.901834
1774177492.529171,480.459000,480.547000,480.472000,1774177492.431176,2.000000,2.000000,480,640,0.198022,2.278910,-1.902330,4.087282,1.566617,1.375010,3.054508,2.989640,1.236202,1.163020,9.343936,9.343936,9.343936,1.064584,0.997069,1.000169,1.135506,1.643278,0.198022,2.278910,-1.902330
1774177492.629256,480.559000,480.647000,480.571000,1774177492.431176,2.000000,2.000000,480,640,0.198013,2.285399,-1.902276,3.978981,1.578306,1.391212,3.059428,3.003103,1.217225,1.144033,9.386742,9.386742,9.386742,1.072249,1.001202,1.003748,1.135376,1.633219,0.198013,2.285399,-1.902276
1774177492.729242,480.659000,480.747000,480.672000,1774177492.631181,2.000000,2.000000,480,640,0.198004,2.291883,-1.901783,3.872503,1.591156,1.401092,3.064985,3.022902,1.198647,1.125375,9.386876,9.386876,9.386876,1.080338,1.005507,1.007473,1.135189,1.622752,0.198004,2.291883,-1.901783
1774177492.836325,480.759000,480.847000,480.772000,1774177492.631181,2.000000,2.000000,480,640,0.197994,2.298353,-1.900954,3.766721,1.605546,1.410303,3.071171,3.049437,1.180417,1.109408,9.386730,9.386730,9.386730,1.088869,1.009888,1.011367,1.134986,1.612004,0.197994,2.298353,-1.900954
1774177492.929887,480.859000,480.947000,480.772000,1774177492.831193,2.000000,2.000000,480,640,0.197985,2.304805,-1.899869,3.663353,1.620884,1.420109,3.075596,3.082318,1.162377,1.094871,9.426095,9.426095,9.426095,1.097838,1.014465,1.015466,1.134862,1.601245,0.197985,2.304805,-1.899868
1774177493.038687,480.959000,481.047000,480.772000,1774177492.831193,2.000000,2.000000,480,640,0.197975,2.311235,-1.898612,3.566324,1.637146,1.432145,3.062285,3.121404,1.144404,1.080242,9.424641,9.424641,9.424641,1.107241,1.019143,1.019793,1.134879,1.590667,0.197975,2.311234,-1.898612
1774177493.129858,481.059000,481.147000,481.071000,1774177493.031217,2.000000,2.000000,480,640,0.197965,2.317639,-1.897284,3.473529,1.653972,1.446087,3.069108,3.166411,1.126363,1.065592,9.423645,9.423645,9.423645,1.117065,1.024054,1.024369,1.135104,1.580456,0.197965,2.317639,-1.897284
1774177493.230245,481.159000,481.237000,481.071000,1774177493.031217,2.000000,2.000000,480,640,0.197957,2.323382,-1.896098,3.386721,1.671601,1.460155,3.076117,3.216682,1.108091,1.050999,9.461139,9.461139,9.461139,1.127286,1.029068,1.029213,1.135606,1.570814,0.197957,2.323382,-1.896098
1774177493.329787,481.259000,481.337000,481.271000,1774177493.231236,2.000000,2.000000,480,640,0.197948,2.329740,-1.894888,3.306224,1.689124,1.473878,3.083201,3.271705,1.089455,1.036518,9.460094,9.460094,9.460094,1.137878,1.034358,1.034332,1.136429,1.561873,0.197948,2.329740,-1.894888
1774177493.429692,481.359000,481.437000,481.372000,1774177493.231236,2.000000,2.000000,480,640,0.197939,2.336076,-1.893891,3.231873,1.706864,1.487916,3.090185,3.330147,1.070264,1.019133,9.497852,9.497852,9.497852,1.148797,1.039934,1.039740,1.137639,1.553819,0.197939,2.336076,-1.893891
1774177493.529420,481.459000,481.537000,481.372000,1774177493.431204,2.000000,2.000000,480,640,0.197931,2.342396,-1.893181,3.165948,1.723787,1.501807,3.091739,3.390579,1.050361,0.999234,9.497595,9.497595,9.497595,1.159993,1.045795,1.045393,1.139278,1.546780,0.197931,2.342396,-1.893181
1774177493.629541,481.559000,481.637000,481.571000,1774177493.431204,2.000000,2.000000,480,640,0.197923,2.348706,-1.892841,3.106347,1.740084,1.516034,3.078600,3.451481,1.029612,0.981753,9.498714,9.498714,9.498714,1.171419,1.051933,1.051208,1.141373,1.540836,0.197923,2.348706,-1.892841
1774177493.729570,481.659000,481.737000,481.571000,1774177493.631197,2.000000,2.000000,480,640,0.197916,2.355014,-1.892944,3.053771,1.755203,1.530532,3.083114,3.510856,1.007886,0.968610,9.537666,9.537666,9.537666,1.183027,1.058343,1.057275,1.143954,1.536069,0.197916,2.355014,-1.892944
1774177493.829427,481.759000,481.837000,481.571000,1774177493.631197,2.000000,2.000000,480,640,0.197909,2.361327,-1.893584,3.008110,1.768898,1.545511,3.087604,3.565599,0.985026,0.955790,9.540436,9.540436,9.540436,1.194716,1.064989,1.063478,1.147028,1.532557,0.197909,2.361327,-1.893584
1774177493.929434,481.859000,481.937000,481.871000,1774177493.831199,2.000000,2.000000,480,640,0.197903,2.367659,-1.894818,2.969121,1.780440,1.560433,3.091237,3.612693,0.960924,0.935097,9.544846,9.544846,9.544846,1.206447,1.071875,1.069947,1.150632,1.530372,0.197903,2.367659,-1.894818
1774177494.029457,481.959000,482.037000,481.871000,1774177493.831199,2.000000,2.000000,480,640,0.197898,2.374019,-1.896711,2.937344,1.789609,1.565124,3.093873,3.648481,0.935487,0.920456,9.550909,9.550909,9.550909,1.218139,1.078969,1.076543,1.154765,1.529550,0.197898,2.374019,-1.896711
1774177494.139832,482.059000,482.137000,482.071000,1774177494.031190,2.000000,2.000000,480,640,0.197893,2.380422,-1.899319,2.912506,1.796013,1.576820,3.095366,3.668825,0.908637,0.908903,9.593355,9.593355,9.593355,1.229713,1.086246,1.083355,1.159434,1.530134,0.197893,2.380422,-1.899319
1774177494.229555,482.159000,482.237000,482.171000,1774177494.031190,2.000000,2.000000,480,640,0.197889,2.386881,-1.902690,2.894058,1.799303,1.593458,3.095591,3.669544,0.888042,0.897686,9.601827,9.601827,9.601827,1.241095,1.093679,1.090374,1.164640,1.532150,0.197889,2.386881,-1.902690
1774177494.329170,482.259000,482.337000,482.171000,1774177494.231304,2.000000,2.000000,480,640,0.197885,2.393411,-1.906866,2.882138,1.799176,1.611021,3.094434,3.646549,0.876245,0.886814,9.612182,9.612182,9.612182,9.612182,1.101240,1.097504,1.170382,1.535625,0.197885,2.393411,-1.906866
1774177494.430014,482.359000,482.437000,482.371000,1774177494.231304,2.000000,2.000000,480,640,0.197883,2.400027,-1.911877,2.876879,1.795439,1.613751,3.110972,3.596282,0.858247,0.876295,9.624055,9.624055,9.624055,9.624055,1.108900,1.104799,1.176655,1.540580,0.197883,2.400027,-1.911877
1774177494.529451,482.459000,482.537000,482.471000,1774177494.431319,2.000000,2.000000,480,640,0.197881,2.406745,-1.917744,2.878129,1.787714,1.632540,3.116524,3.516376,0.840183,0.866133,9.637930,9.637930,9.637930,9.637930,1.116632,1.112247,1.183453,1.547025,0.197881,2.406745,-1.917744
1774177494.631149,482.559000,482.637000,482.571000,1774177494.431319,2.000000,2.000000,480,640,0.197880,2.413581,-1.924481,2.885696,1.776287,1.649372,3.110829,3.405926,0.827481,0.856332,9.653218,9.653218,9.653218,9.653218,1.124411,1.119825,1.190766,1.554965,0.197880,2.413581,-1.924481
1774177494.729290,482.659000,482.737000,482.571000,1774177494.631206,2.000000,2.000000,480,640,0.197880,2.420551,-1.932095,2.900034,1.760621,1.657116,3.103453,3.265617,0.814081,0.846897,9.670559,9.670559,9.670559,9.670559,1.132211,1.127513,1.198586,1.564410,0.197880,2.420551,-1.932095
1774177494.829338,482.759000,482.837000,482.571000,1774177494.631206,2.000000,2.000000,480,640,0.197881,2.427671,-1.940580,2.920514,1.741477,1.676580,3.124785,3.097970,0.798230,0.837833,9.657268,9.657268,9.657268,9.657268,1.140012,1.135292,1.206903,1.575367,0.197881,2.427671,-1.940580
1774177494.929601,482.859000,482.937000,482.871000,1774177494.831197,2.000000,2.000000,480,640,0.197882,2.434957,-1.949922,2.948140,1.718208,1.684599,3.113929,2.907233,0.783146,0.829141,9.677849,9.677849,9.677849,9.677849,1.147795,1.143146,1.215704,1.587831,0.197882,2.434957,-1.949922
1774177495.029279,482.959000,483.037000,482.971000,1774177494.831197,2.000000,2.000000,480,640,0.197885,2.442423,-1.960097,2.982210,1.692567,1.706370,3.128660,2.698787,0.768760,0.820825,9.699821,9.699821,9.699821,9.699821,1.155545,1.151059,1.224979,1.601803,0.197885,2.442423,-1.960096
1774177495.129416,483.059000,483.137000,483.071000,1774177495.031247,2.000000,2.000000,480,640,0.197888,2.450085,-1.971073,3.022639,1.714808,1.728895,3.118553,2.478708,0.750425,0.812887,9.723166,9.723166,9.723166,9.723166,1.163250,1.159019,1.234714,1.617275,0.197888,2.450085,-1.971073
1774177495.229418,483.159000,483.237000,483.172000,1774177495.031247,2.000000,2.000000,480,640,0.197892,2.457954,-1.982811,3.070998,1.724137,1.752205,3.135010,2.253073,0.736493,9.717912,9.717912,9.717912,9.717912,9.717912,1.170902,1.167017,1.244896,1.634237,0.197892,2.457954,-1.982811
1774177495.329455,483.259000,483.337000,483.271000,1774177495.231308,2.000000,2.000000,480,640,0.197897,2.466045,-1.995259,3.125421,1.734279,1.776323,3.117294,2.027515,0.724139,9.743999,9.743999,9.743999,9.743999,9.743999,1.178494,1.175013,1.255509,1.652673,0.197897,2.466045,-1.995259
1774177495.429559,483.359000,483.437000,483.271000,1774177495.231308,2.000000,2.000000,480,640,0.197902,2.474368,-2.008361,3.187707,1.756286,1.801273,3.131216,1.806807,0.707725,9.741944,9.741944,9.741944,9.741944,9.741944,1.186023,1.182954,1.266537,1.672558,0.197902,2.474368,-2.008361
1774177495.529586,483.459000,483.537000,483.271000,1774177495.431235,2.000000,2.000000,480,640,0.197907,2.482932,-2.022053,3.258272,1.769263,3.485378,3.144456,1.594648,0.696499,9.770409,9.770409,9.770409,9.770409,9.770409,1.193490,1.190897,1.277959,1.693863,0.197907,2.482933,-2.022053
1774177495.629774,483.559000,483.637000,483.571000,1774177495.431235,2.000000,2.000000,480,640,0.197914,2.491748,-2.036264,3.335010,1.780845,3.455838,3.125891,1.393663,0.681829,9.771171,9.771171,9.771171,9.771171,9.771171,1.200894,1.198801,1.289754,1.716546,0.197914,2.491748,-2.036264
1774177495.729337,483.659000,483.737000,483.671000,1774177495.631204,2.000000,2.000000,480,640,0.197921,2.500820,-2.050917,3.420391,1.793221,3.425231,3.133326,1.205450,0.670350,9.801100,9.801100,9.801100,9.801100,9.801100,1.208238,1.206586,1.301895,1.740555,0.197921,2.500820,-2.050917
1774177495.829550,483.759000,483.837000,483.771000,1774177495.631204,2.000000,2.000000,480,640,0.197928,2.510154,-2.065932,3.514796,1.806326,3.393885,3.143985,1.030768,0.658338,9.804525,9.804525,9.804525,9.804525,9.804525,1.215524,1.214350,1.314353,1.765824,0.197928,2.510154,-2.065932
1774177495.930173,483.859000,483.937000,483.872000,1774177495.831234,2.000000,2.000000,480,640,0.197936,2.519755,-2.081222,3.616422,1.819594,3.362121,3.154324,0.869689,0.645997,9.809230,9.809230,9.809230,9.809230,9.809230,1.222753,1.221938,1.327094,1.792271,0.197936,2.519755,-2.081222
1774177496.029356,483.959000,484.037000,483.971000,1774177495.831234,2.000000,2.000000,480,640,0.197944,2.529623,-2.096700,3.725079,1.832958,3.330245,3.158622,0.721793,0.634447,9.840052,9.840052,9.840052,9.840052,9.840052,1.229928,1.229470,1.340077,1.819799,0.197944,2.529624,-2.096700
1774177496.129566,484.059000,484.137000,484.071000,1774177496.031305,2.000000,2.000000,480,640,0.197953,2.539760,-2.112274,3.844195,1.853538,3.298548,3.150083,0.623637,0.625762,9.846070,9.846070,9.846070,9.846070,9.846070,1.237047,1.236815,1.353257,1.848288,0.197953,2.539760,-2.112274
1774177496.229405,484.159000,484.237000,484.171000,1774177496.031305,2.000000,2.000000,480,640,0.197961,2.550162,-2.127851,3.970136,1.872684,3.267298,3.146795,0.613525,0.619528,9.877975,9.877975,9.877975,9.877975,9.877975,1.244108,1.244067,1.366582,1.877599,0.197961,2.550162,-2.127851
1774177496.329585,484.259000,484.337000,484.271000,1774177496.231165,2.000000,2.000000,480,640,0.197970,2.560828,-2.143338,4.102357,1.886489,3.236741,3.156703,0.604079,0.613491,9.883770,9.883770,9.883770,9.883770,9.883770,1.251107,1.251261,1.379994,1.907568,0.197970,2.560828,-2.143338
1774177496.429621,484.359000,484.437000,484.271000,1774177496.231165,2.000000,2.000000,480,640,0.197979,2.571752,-2.158642,4.243050,1.900658,3.207095,3.167212,0.594271,0.607648,9.890636,9.890636,9.890636,9.890636,9.890636,1.258036,1.258387,1.393429,1.938007,0.197979,2.571752,-2.158642
1774177496.529515,484.459000,484.537000,484.471000,1774177496.431292,2.000000,2.000000,480,640,0.197988,2.582928,-2.173672,4.390166,1.915133,3.178555,3.203438,0.586377,0.601996,9.922246,9.922246,9.922246,9.922246,9.922246,1.264727,1.265435,1.406816,1.968706,0.197988,2.582928,-2.173672
1774177496.629643,484.559000,484.637000,484.571000,1774177496.431292,2.000000,2.000000,480,640,0.197989,2.594349,-2.188335,4.542694,1.929111,3.190978,3.277581,0.579089,0.596525,9.928441,9.928441,9.928441,9.928441,9.928441,1.271297,1.272390,1.420079,1.999430,0.197989,2.594349,-2.188335
1774177496.729491,484.659000,484.737000,484.671000,1774177496.631209,2.000000,2.000000,480,640,0.198005,2.606004,-2.202556,4.699239,1.943301,3.186720,3.352503,0.572406,9.935413,9.935413,9.935413,9.935413,9.935413,9.935413,1.277617,1.279235,1.433135,2.029911,0.198005,2.606004,-2.202556
1774177496.829370,484.759000,484.837000,484.772000,1774177496.631209,2.000000,2.000000,480,640,0.198013,2.617884,-2.216247,4.858304,1.964051,3.178481,3.427718,0.566227,9.964928,9.964928,9.964928,9.964928,9.964928,9.964928,1.283795,1.285957,1.445908,2.059901,0.198013,2.617884,-2.216247
1774177496.929484,484.859000,484.937000,484.871000,1774177496.831245,2.000000,2.000000,480,640,0.198021,2.629978,-2.229327,3.948149,1.981797,3.194916,3.501872,0.560269,9.971054,9.971054,9.971054,9.971054,9.971054,9.971054,1.289753,1.292533,1.458308,2.089091,0.198021,2.629978,-2.229327
1774177497.029532,484.959000,485.037000,484.871000,1774177496.831245,2.000000,2.000000,480,640,0.198028,2.642272,-2.241735,3.727437,1.995364,3.212996,3.576513,0.554488,9.999224,9.999224,9.999224,9.999224,9.999224,9.999224,1.295522,1.298945,1.470244,2.117169,0.198028,2.642272,-2.241735
1774177497.129824,485.059000,485.137000,485.071000,1774177497.031206,2.000000,2.000000,480,640,0.009229,2.646384,-2.282617,3.543174,2.008727,3.210596,3.647583,0.548927,10.004229,10.004229,10.004229,10.004229,10.004229,10.004229,1.301123,1.305126,1.481477,2.143363,0.009229,2.646384,-2.282617
1774177497.229403,485.159000,485.237000,485.171000,1774177497.031206,2.000000,2.000000,480,640,0.000997,2.646553,-2.343631,2.637800,2.009241,3.209779,0.546497,0.543559,10.004406,10.004406,10.004406,10.004406,10.004406,10.004406,1.306550,1.317866,1.533688,2.314832,0.000997,2.646553,-2.343631
1774177497.330044,485.259000,485.337000,485.271000,1774177497.231178,2.000000,2.000000,480,640,0.001049,2.646630,-2.403015,2.028219,2.012986,3.200510,0.537842,0.537359,10.013589,10.013589,10.013589,10.013589,10.013589,10.013589,1.312660,1.337076,1.602874,2.554288,0.001049,2.646631,-2.403015
1774177497.429457,485.359000,485.437000,485.371000,1774177497.231178,2.000000,2.000000,480,640,0.001096,2.646718,-2.461618,2.005861,3.727217,3.196011,0.531213,0.531511,9.999047,9.999047,9.999047,9.999047,9.999047,9.999047,1.318809,1.361308,1.683082,2.852957,0.001096,2.646718,-2.461618
1774177497.529561,485.459000,485.537000,485.371000,1774177497.431337,2.000000,2.000000,480,640,0.002128,2.646857,-2.520145,2.009048,3.503310,3.198666,0.525152,0.527372,10.005976,10.005976,10.005976,10.005976,10.005976,10.005976,1.324877,1.390709,1.776014,3.233485,0.002128,2.646857,-2.520145
1774177497.629249,485.559000,485.637000,485.371000,1774177497.431337,2.000000,2.000000,480,640,0.000643,2.646920,-2.577699,2.003033,3.313302,3.175371,0.519085,6.797505,6.797505,6.797505,6.797505,6.797505,6.797505,6.797505,1.330927,1.426331,1.886480,3.745220,0.000643,2.646919,-2.577699
1774177497.729406,485.659000,485.737000,485.371000,1774177497.631222,2.000000,2.000000,480,640,0.000662,2.646887,-2.633534,2.006157,3.192946,3.268719,0.513202,9.999129,9.999129,9.999129,9.999129,9.999129,9.999129,1.336907,1.336814,1.467080,2.012816,4.430334,0.000662,2.646887,-2.633534
1774177497.829151,485.759000,485.837000,485.371000,1774177497.631222,2.000000,2.000000,480,640,0.000514,2.646861,-2.688440,1.998712,3.185271,3.541448,0.507463,9.999771,9.999771,9.999771,9.999771,9.999771,9.999771,1.342579,1.344990,1.513770,2.159979,3.363495,0.000514,2.646861,-2.688440
1774177497.929466,485.859000,485.937000,485.871000,1774177497.831246,2.000000,2.000000,480,640,0.000692,2.646835,-2.742379,2.001203,3.171294,0.505473,0.501871,10.003358,10.003358,10.003358,10.003358,10.003358,10.003358,1.348167,1.357108,1.567029,2.333168,2.452079,0.000692,2.646835,-2.742379
1774177498.029447,485.959000,486.037000,485.871000,1774177497.831246,2.000000,2.000000,480,640,0.000599,2.646814,-2.795390,2.002893,3.162673,0.497578,0.496489,10.006144,10.006144,10.006144,10.006144,10.006144,10.006144,1.353592,1.373087,1.627493,2.538854,2.001487,0.000599,2.646814,-2.795390
1774177498.129505,486.059000,486.137000,485.871000,1774177498.031196,2.000000,2.000000,480,640,0.000620,2.646800,-2.847494,2.036208,3.155172,0.491209,0.491173,6.745223,6.745223,6.745223,6.745223,6.745223,6.745223,1.358855,1.392901,1.695950,2.785965,2.003252,0.000620,2.646800,-2.847494
1774177498.233240,486.159000,486.237000,485.871000,1774177498.031196,2.000000,2.000000,480,640,0.000825,2.646787,-2.898665,3.572902,3.155013,0.486085,0.486856,6.741068,6.741068,6.741068,6.741068,6.741068,6.741068,1.363947,1.416577,1.773371,3.087114,2.004779,0.000825,2.646787,-2.898665
1774177498.329181,486.259000,486.337000,486.271000,1774177498.231404,2.000000,2.000000,480,640,0.000065,2.646788,-2.949009,3.391850,3.152231,0.481229,0.483991,6.739860,6.739860,6.739860,6.739860,6.739860,6.739860,1.368861,1.444186,1.860955,3.460762,2.006059,0.000065,2.646788,-2.949009
1774177498.429565,486.359000,486.437000,486.271000,1774177498.231404,2.000000,2.000000,480,640,0.003472,2.646867,-2.999179,3.237001,3.148290,0.476478,6.737571,6.737571,6.737571,6.737571,6.737571,6.737571,6.737571,1.373563,1.476154,1.961231,3.940543,2.007423,0.003472,2.646867,-2.999179
1774177498.529811,486.459000,486.537000,486.472000,1774177498.431174,2.000000,2.000000,480,640,0.003635,2.646934,-3.048480,3.147069,3.289890,0.471992,10.008884,10.008884,10.008884,10.008884,10.008884,10.008884,1.378115,1.378027,1.512506,2.075550,4.571140,2.008585,0.003635,2.646934,-3.048480
1774177498.629246,486.559000,486.637000,486.571000,1774177498.431174,2.000000,2.000000,480,640,0.003066,2.647045,-3.097631,3.149122,0.475378,0.467701,10.008171,10.008171,10.008171,10.008171,10.008171,10.008171,1.382308,1.384363,1.553882,2.207653,3.224073,2.009783,0.003066,2.647045,-3.097631
1774177498.729339,486.659000,486.737000,486.671000,1774177498.631229,2.000000,2.000000,480,640,0.004174,2.647365,3.134744,3.151999,0.467669,0.463624,10.007599,10.007599,10.007599,10.007599,10.007599,10.007599,1.386396,1.393900,1.600915,2.361933,2.394355,2.011155,0.004174,2.647365,3.134744
1774177498.829203,486.759000,486.837000,486.771000,1774177498.631229,2.000000,2.000000,480,640,0.003073,2.647618,3.085990,3.151416,0.461266,0.459783,10.009043,10.009043,10.009043,10.009043,10.009043,10.009043,1.390275,1.407040,1.656015,2.550208,2.013664,2.022843,0.003073,2.647618,3.085990
1774177498.929247,486.859000,486.937000,486.871000,1774177498.831258,2.000000,2.000000,480,640,0.002177,2.647711,3.039003,3.156810,0.456317,0.456085,6.742105,6.742105,6.742105,6.742105,6.742105,6.742105,1.393955,1.423001,1.715581,2.763915,2.014790,3.753121,0.002177,2.647711,3.039003
1774177499.029190,486.959000,487.037000,486.871000,1774177498.831258,2.000000,2.000000,480,640,0.000399,2.647778,2.992764,3.166157,0.452629,0.452863,6.719132,6.719132,6.719132,6.719132,6.719132,6.719132,1.397387,1.441970,1.781623,3.015779,2.015380,3.559237,0.000399,2.647778,2.992764
1774177499.129593,487.059000,487.137000,487.071000,1774177499.031233,2.000000,2.000000,480,640,0.000363,2.647817,2.947040,3.144820,0.449332,0.450703,10.020193,10.020193,10.020193,10.020193,10.020193,10.020193,1.400687,1.464169,1.855604,3.319675,2.015906,3.393252,0.000363,2.647817,2.947040
1774177499.229502,487.159000,487.237000,487.171000,1774177499.031233,2.000000,2.000000,480,640,0.000287,2.647861,2.901527,3.148435,0.446178,10.016664,10.016664,10.016664,10.016664,10.016664,10.016664,10.016664,1.403905,1.489738,1.938720,3.693285,2.023226,3.250009,0.000287,2.647861,2.901527
1774177499.329417,487.259000,487.337000,487.171000,1774177499.231268,2.000000,2.000000,480,640,0.000532,2.647907,2.856142,3.172796,0.443165,6.714393,6.714393,6.714393,6.714393,6.714393,6.714393,6.714393,1.406843,1.518997,2.032959,4.166256,2.025035,3.160108,0.000532,2.647907,2.856142
1774177499.438189,487.359000,487.437000,487.372000,1774177499.231268,2.000000,2.000000,480,640,0.000576,2.647957,2.810790,0.451538,0.440356,10.027593,10.027593,10.027593,10.027593,10.027593,10.027593,1.409669,1.409755,1.552293,2.140486,4.784329,2.025562,3.139303,0.000576,2.647957,2.810790
1774177499.529270,487.459000,487.537000,487.471000,1774177499.431140,2.000000,2.000000,480,640,0.000618,2.648010,2.765376,0.444728,0.437748,6.696103,6.696103,6.696103,6.696103,6.696103,6.696103,1.412297,1.414624,1.590077,2.264143,2.955907,2.026319,3.154151,0.000618,2.648010,2.765377
1774177499.629339,487.559000,487.637000,487.572000,1774177499.431140,2.000000,2.000000,480,640,0.000526,2.648066,2.719801,0.439113,0.435307,6.560571,6.560571,6.560571,6.560571,6.560571,6.560571,1.414730,1.422268,1.632882,2.407560,2.257133,2.035292,3.163970,0.000526,2.648067,2.719801
1774177499.730711,487.659000,487.737000,487.672000,1774177499.631220,2.000000,2.000000,480,640,0.000708,2.648126,2.673986,0.434603,0.433001,10.036182,10.036182,10.036182,10.036182,10.036182,10.036182,1.417053,1.432802,1.681469,2.575933,2.036361,2.053850,3.143923,0.000708,2.648126,2.673986
1774177499.829443,487.759000,487.837000,487.772000,1774177499.631220,2.000000,2.000000,480,640,0.000752,2.648188,2.627844,0.431261,0.430921,6.329762,6.329762,6.329762,6.329762,6.329762,6.329762,1.419087,1.446368,1.736661,2.775949,2.037766,3.749379,3.153101,0.000752,2.648188,2.627844
1774177499.929447,487.859000,487.937000,487.871000,1774177499.831208,2.000000,2.000000,480,640,0.000796,2.648251,2.581262,0.429029,6.226802,6.226802,6.226802,6.226802,6.226802,6.226802,6.226802,1.421106,1.463192,1.799596,3.017412,2.047467,3.557150,3.167008,0.000796,2.648252,2.581262
1774177500.029260,487.959000,488.037000,487.971000,1774177499.831208,2.000000,2.000000,480,640,0.000763,2.648317,2.534200,0.427337,10.048393,10.048393,10.048393,10.048393,10.048393,10.048393,10.048393,1.422723,1.483571,1.871700,3.314524,2.049435,3.389073,3.160609,0.000763,2.648317,2.534200
1774177500.129529,488.059000,488.137000,487.971000,1774177500.031308,2.000000,2.000000,480,640,0.000704,2.648386,2.486567,0.425947,6.154600,6.154600,6.154600,6.154600,6.154600,6.154600,6.154600,1.424460,1.507846,1.954679,3.688244,2.051812,3.241584,0.446480,0.000704,2.648386,2.486567
1774177500.229656,488.159000,488.237000,487.971000,1774177500.031308,2.000000,2.000000,480,640,0.000933,2.648453,2.438305,0.424687,6.166103,6.166103,6.166103,6.166103,6.166103,6.166103,6.166103,1.425631,1.536486,2.050879,4.172444,2.054629,3.156574,0.439020,0.000933,2.648453,2.438305
1774177500.329160,488.259000,488.337000,488.272000,1774177500.231310,2.000000,2.000000,480,640,0.000978,2.648522,2.389329,0.423989,6.176936,6.176936,6.176936,6.176936,6.176936,6.176936,6.176936,1.426622,1.570064,2.163317,4.153691,2.059600,3.165856,0.432902,0.000978,2.648522,2.389329
1774177500.429816,488.359000,488.427000,488.272000,1774177500.231310,2.000000,2.000000,480,640,0.001019,2.648585,2.344580,0.423201,10.068082,10.068082,10.068082,10.068082,10.068082,10.068082,1.427823,1.429962,1.609288,2.296004,2.804149,2.069425,3.173618,0.428101,0.001019,2.648585,2.344580
1774177500.534317,488.459000,488.527000,488.472000,1774177500.431217,2.000000,2.000000,480,640,0.001065,2.648654,2.294030,0.423153,10.070860,10.070860,10.070860,10.070860,10.070860,10.070860,1.428329,1.436685,1.655127,2.454701,2.110550,2.073584,3.179436,0.424608,0.001065,2.648654,2.294030
1774177500.636842,488.559000,488.627000,488.472000,1774177500.431217,2.000000,2.000000,480,640,0.001110,2.648723,2.242628,0.526382,10.074587,10.074587,10.074587,10.074587,10.074587,10.074587,1.428608,1.447033,1.708616,2.646796,2.078238,2.105509,3.183418,0.422953,0.001110,2.648723,2.242628
1774177500.729366,488.659000,488.727000,488.671000,1774177500.631214,2.000000,2.000000,480,640,0.001752,2.648742,2.190305,7.328640,7.328640,7.328640,7.328640,7.328640,7.328640,7.328640,1.429378,1.461330,1.771179,2.883332,2.083396,3.657058,3.185394,0.423554,0.001752,2.648742,2.190305
1774177500.829829,488.759000,488.827000,488.671000,1774177500.631214,2.000000,2.000000,480,640,0.001678,2.648705,2.137141,6.190458,6.190458,6.190458,6.190458,6.190458,6.190458,6.190458,1.429277,1.480096,1.844754,3.180940,2.089049,3.456263,0.453186,0.424428,0.001678,2.648705,2.137141
1774177500.930648,488.859000,488.937000,488.671000,1774177500.831270,2.000000,2.000000,480,640,0.001885,2.648676,2.077675,10.091368,10.091368,10.091368,10.091368,10.091368,10.091368,10.091368,1.428971,1.503709,1.931380,3.564067,2.095164,3.282913,0.444864,0.424743,0.001885,2.648676,2.077675
1774177501.030229,488.959000,489.027000,488.671000,1774177500.831270,2.000000,2.000000,480,640,0.001529,2.648655,2.028275,10.098665,10.098665,10.098665,10.098665,10.098665,10.098665,10.098665,1.428391,1.532664,2.033809,4.073009,2.101700,3.179217,0.438322,0.426228,0.001529,2.648655,2.028275
1774177501.129595,489.059000,489.127000,488.671000,1774177501.031315,2.000000,2.000000,480,640,0.001448,2.648638,1.972561,10.106946,10.106946,10.106946,10.106946,10.106946,10.106946,10.106946,1.427544,1.567772,2.156234,4.781376,2.100749,3.186773,0.433490,0.428100,0.001448,2.648638,1.972561
1774177501.229570,489.159000,489.227000,489.171000,1774177501.031315,2.000000,2.000000,480,640,0.001557,2.648626,1.915865,6.225620,6.225620,6.225620,6.225620,6.225620,6.225620,1.426433,1.427827,1.610046,2.304365,2.744090,2.108136,3.209361,0.430352,0.454953,0.001557,2.648626,1.915865
1774177501.329368,489.259000,489.327000,489.271000,1774177501.231527,2.000000,2.000000,480,640,0.001309,2.648613,1.858349,6.225000,6.225000,6.225000,6.225000,6.225000,6.225000,1.425050,1.433725,1.660558,2.485487,2.115950,2.124293,3.202975,0.432990,0.841888,0.001309,2.648613,1.858349
1774177501.430890,489.359000,489.427000,489.271000,1774177501.231527,2.000000,2.000000,480,640,0.000050,2.648609,1.799995,10.119983,10.119983,10.119983,10.119983,10.119983,10.119983,1.423399,1.444247,1.720790,2.710612,2.124188,3.815134,0.478848,0.436015,3.149864,0.000050,2.648609,1.799995
1774177501.529444,489.459000,489.527000,489.271000,1774177501.431240,2.000000,2.000000,480,640,0.000105,2.648602,1.740845,10.131756,10.131756,10.131756,10.131756,10.131756,10.131756,1.421487,1.459787,1.792664,2.996350,2.124714,3.571554,0.468731,0.439427,10.131756,0.000105,2.648602,1.740845
1774177501.629523,489.559000,489.627000,489.271000,1774177501.431240,2.000000,2.000000,480,640,0.003413,2.648588,1.680895,8.161493,8.161493,8.161493,8.161493,8.161493,8.161493,1.419339,1.480836,1.878578,3.368311,2.133475,3.366580,0.460944,0.443213,8.161493,0.003413,2.648588,1.680895
1774177501.729571,489.659000,489.727000,489.671000,1774177501.631214,2.000000,2.000000,480,640,0.000226,2.648535,1.619984,10.140108,10.140108,10.140108,10.140108,10.140108,10.140108,1.416986,1.508226,1.982600,3.873855,2.142773,3.236953,0.455333,0.447358,10.140108,0.000226,2.648535,1.619984
1774177501.829366,489.759000,489.827000,489.771000,1774177501.631214,2.000000,2.000000,480,640,0.000287,2.648504,1.558584,8.405777,8.405777,8.405777,8.405777,8.405777,8.405777,1.412499,1.542443,2.107969,4.585823,2.143854,3.221635,0.451874,0.472680,8.405777,0.000287,2.648504,1.558584
1774177501.929364,489.859000,489.927000,489.771000,1774177501.831215,2.000000,2.000000,480,640,0.004393,2.648399,1.496029,10.150529,10.150529,10.150529,10.150529,10.150529,10.150529,1.409527,1.584604,2.261334,2.944674,2.153342,3.250302,0.456758,0.710661,10.150529,0.004393,2.648399,1.496029
1774177502.029631,489.959000,490.027000,489.972000,1774177501.831215,2.000000,2.000000,480,640,0.000294,2.648260,1.432829,6.259812,6.259812,6.259812,6.259812,6.259812,1.406442,1.411700,1.636825,2.454588,2.154944,2.163531,0.516422,0.461948,1.335671,6.259812,0.000294,2.648260,1.432829
1774177502.130156,490.059000,490.127000,490.073000,1774177502.031435,2.000000,2.000000,480,640,0.197682,2.645845,1.396633,10.163335,10.163335,10.163335,10.163335,10.163335,1.400776,1.420816,1.699365,2.696269,2.164255,3.819363,0.504893,0.467695,6.891192,10.163335,0.197682,2.645845,1.396633
1774177502.229540,490.159000,490.227000,490.171000,1774177502.031435,2.000000,2.000000,480,640,0.197704,2.642384,1.395429,10.157072,10.157072,10.157072,10.157072,10.157072,1.388195,1.413775,1.710186,2.773327,2.155065,3.741658,0.514022,0.478661,10.157072,10.157072,0.197704,2.642384,1.395429
1774177502.330386,490.259000,490.327000,490.171000,1774177502.231192,2.000000,2.000000,480,640,0.197706,2.638897,1.393975,6.228823,6.228823,6.228823,6.228823,6.228823,1.373110,1.402069,1.703690,2.787503,2.145004,3.726065,0.527381,0.488718,6.228823,6.228823,0.197706,2.638897,1.393975
1774177502.430376,490.359000,490.427000,490.371000,1774177502.231192,2.000000,2.000000,480,640,0.197707,2.635379,1.392361,10.128701,10.128701,10.128701,10.128701,10.128701,1.356841,1.390608,1.697667,2.803722,2.135075,3.709961,0.540504,0.500673,10.128701,10.128701,0.197707,2.635379,1.392361
1774177502.529460,490.459000,490.527000,490.471000,1774177502.431186,2.000000,2.000000,480,640,0.197709,2.631829,1.390677,10.124627,10.124627,10.124627,10.124627,10.124627,1.342471,1.379378,1.692029,2.821674,2.125231,3.693738,3.252178,0.512754,10.124627,10.124627,0.197709,2.631829,1.390677
1774177502.629346,490.559000,490.627000,490.571000,1774177502.431186,2.000000,2.000000,480,640,0.197711,2.628246,1.389016,6.171912,6.171912,6.171912,6.171912,6.171912,1.328337,1.368361,1.686675,2.841003,2.115416,3.677763,3.265951,0.524165,6.171912,6.171912,0.197711,2.628246,1.389016
1774177502.729706,490.659000,490.727000,490.671000,1774177502.631202,2.000000,2.000000,480,640,0.197713,2.624631,1.387468,10.096187,10.096187,10.096187,10.096187,10.096187,1.314438,1.357533,1.681501,2.861301,2.104149,3.662371,3.270634,0.536801,10.096187,10.096187,0.197713,2.624631,1.387468
1774177502.829372,490.759000,490.827000,490.771000,1774177502.631202,2.000000,2.000000,480,640,0.197716,2.620988,1.386126,10.092419,10.092419,10.092419,10.092419,10.092419,1.300779,1.346865,1.676389,2.882108,2.086007,3.647871,3.264267,0.549637,10.092419,10.092419,0.197716,2.620988,1.386126
1774177502.929327,490.859000,490.927000,490.871000,1774177502.831188,2.000000,2.000000,480,640,0.197718,2.617321,1.385078,6.830483,6.830483,6.830483,6.830483,6.830483,1.287365,1.336324,1.671219,2.902907,2.074897,3.634538,3.258641,0.562691,6.830483,6.830483,0.197718,2.617321,1.385078
1774177503.029431,490.959000,491.027000,490.871000,1774177502.831188,2.000000,2.000000,480,640,0.197720,2.613637,1.384409,10.061829,10.061829,10.061829,10.061829,10.061829,1.274205,1.325873,1.665862,2.923137,2.064276,3.622618,3.253930,0.575810,10.061829,10.061829,0.197720,2.613637,1.384409
1774177503.129518,491.059000,491.127000,491.072000,1774177503.031260,2.000000,2.000000,480,640,0.197722,2.609944,1.384203,10.057111,10.057111,10.057111,10.057111,10.057111,1.261300,1.315474,1.660186,2.942185,2.053365,3.612330,3.252317,0.588744,10.057111,10.057111,0.197722,2.609944,1.384202
1774177503.229622,491.159000,491.227000,491.171000,1774177503.031260,2.000000,2.000000,480,640,0.197724,2.606253,1.384537,10.052209,10.052209,10.052209,10.052209,10.052209,1.248469,1.305083,1.654060,2.959404,2.042094,3.603865,3.259485,0.601541,10.052209,10.052209,0.197724,2.606253,1.384537
1774177503.329396,491.259000,491.327000,491.271000,1774177503.231199,2.000000,2.000000,480,640,0.197727,2.602573,1.385486,10.046902,10.046902,10.046902,10.046902,10.046902,1.235851,1.294659,1.647350,2.974122,2.037574,3.597395,3.264310,0.614174,0.617240,10.046902,0.197727,2.602573,1.385486
1774177503.429231,491.359000,491.427000,491.271000,1774177503.231199,2.000000,2.000000,480,640,0.197728,2.598919,1.387115,10.015105,10.015105,10.015105,10.015105,10.015105,1.223377,1.284159,1.639930,2.985663,2.029994,3.593065,3.266367,0.626645,0.630194,10.015105,0.197728,2.598919,1.387115
1774177503.529408,491.459000,491.527000,491.471000,1774177503.431255,2.000000,2.000000,480,640,0.197730,2.595304,1.389485,10.007323,10.007323,10.007323,10.007323,10.007323,1.211029,1.273542,1.631680,2.993362,2.017407,3.591005,3.265256,0.638987,0.642990,10.007323,0.197730,2.595304,1.389485
1774177503.629252,491.559000,491.627000,491.571000,1774177503.431255,2.000000,2.000000,480,640,0.197732,2.591743,1.392650,9.998621,9.998621,9.998621,9.998621,9.998621,1.198860,1.262767,1.622489,2.996588,2.004186,3.591331,3.260612,0.651164,0.655618,9.998621,0.197732,2.591743,1.392650
1774177503.729599,491.659000,491.727000,491.672000,1774177503.631194,2.000000,2.000000,480,640,0.197733,2.588252,1.396656,9.988818,9.988818,9.988818,9.988818,9.988818,1.186848,1.251798,1.612261,2.994776,1.990287,3.594144,3.257902,0.663198,0.668073,9.988818,0.197733,2.588252,1.396656
1774177503.829664,491.759000,491.827000,491.771000,1774177503.631194,2.000000,2.000000,480,640,0.197734,2.584848,1.401538,9.977761,9.977761,9.977761,9.977761,1.182084,1.174906,1.240604,1.600916,2.987445,1.979650,3.599535,3.264944,0.675112,0.680350,9.977761,0.197734,2.584848,1.401538
1774177503.929369,491.859000,491.927000,491.771000,1774177503.831225,2.000000,2.000000,480,640,0.197735,2.581549,1.407328,9.965323,9.965323,9.965323,9.965323,1.169908,1.163100,1.229158,1.588392,2.974220,1.973256,3.607589,3.273828,0.687067,0.692446,9.965323,0.197735,2.581549,1.407328
1774177504.029233,491.959000,492.027000,491.971000,1774177503.831225,2.000000,2.000000,480,640,0.197735,2.578373,1.414042,9.951416,9.951416,9.951416,9.951416,1.157963,1.151408,1.217437,1.574649,2.954858,1.957129,3.618381,3.284613,0.699171,0.704364,9.951416,0.197735,2.578373,1.414042
1774177504.129272,492.059000,492.127000,492.071000,1774177504.031264,2.000000,2.000000,480,640,0.197735,2.575338,1.421692,9.935988,9.935988,9.935988,9.935988,1.146230,1.139814,1.205428,1.559669,2.929268,1.953783,1.999342,3.258545,0.711413,0.716109,9.935988,0.197735,2.575338,1.421692
1774177504.229410,492.159000,492.227000,492.172000,1774177504.031264,2.000000,2.000000,480,640,0.197735,2.572462,1.430277,9.948598,9.948598,9.948598,9.948598,1.134691,1.128302,1.193122,1.543456,2.897496,1.935992,1.981096,3.272887,0.724859,0.727688,9.948598,0.197735,2.572462,1.430277
1774177504.329387,492.259000,492.327000,492.272000,1774177504.231207,2.000000,2.000000,480,640,0.197734,2.569765,1.439790,9.929865,9.929865,9.929865,9.929865,1.123327,1.116856,1.180516,1.526039,2.859752,1.931465,1.961961,3.278677,0.737578,0.739114,9.929865,0.197734,2.569765,1.439790
1774177504.429228,492.359000,492.427000,492.372000,1774177504.231207,2.000000,2.000000,480,640,0.197733,2.567265,1.450214,9.909538,9.909538,9.909538,9.909538,1.112121,1.105465,1.167615,1.507464,2.816368,1.911977,1.941991,3.269853,0.837977,0.750402,9.909538,0.197733,2.567265,1.450214
1774177504.529381,492.459000,492.527000,492.472000,1774177504.431220,2.000000,2.000000,480,640,0.197732,2.564980,1.461520,9.919195,9.919195,9.919195,9.919195,1.101058,1.094119,1.154428,1.487800,2.767808,1.906124,1.921256,3.281395,1.018856,0.764370,9.919195,0.197732,2.564980,1.461519
1774177504.629399,492.559000,492.627000,492.472000,1774177504.431220,2.000000,2.000000,480,640,0.197730,2.562927,1.473670,9.895301,9.895301,9.895301,9.895301,1.090121,1.082756,1.140970,1.467132,2.714648,1.916436,1.899839,3.274643,1.220852,0.778564,9.895301,0.197730,2.562927,1.473670
1774177504.729265,492.659000,492.727000,492.671000,1774177504.631200,2.000000,2.000000,480,640,0.197728,2.561122,1.486623,9.903124,9.903124,9.903124,9.903124,1.079296,1.071385,1.127261,1.445561,2.657533,1.965935,1.889593,3.266407,1.451224,0.791894,9.903124,0.197728,2.561122,1.486623
1774177504.829421,492.759000,492.827000,492.771000,1774177504.631200,2.000000,2.000000,480,640,0.197726,2.559582,1.500325,9.875811,9.875811,9.875811,9.875811,1.068568,1.060023,1.113323,1.423195,2.597149,2.020272,1.870196,3.286371,1.719641,0.805313,9.875811,0.197726,2.559582,1.500325
1774177504.929683,492.859000,492.927000,492.871000,1774177504.831235,2.000000,2.000000,480,640,0.197724,2.558321,1.514714,9.881520,9.881520,9.881520,9.881520,1.057922,1.048634,1.099182,1.400154,2.534212,2.079740,1.862129,3.276943,2.039426,0.821968,9.881520,0.197724,2.558321,1.514714
1774177505.029581,492.959000,493.027000,492.971000,1774177504.831235,2.000000,2.000000,480,640,0.197722,2.557353,1.529724,9.851242,9.851242,9.851242,9.851242,1.047344,1.037150,1.084866,1.376560,2.469435,2.144636,1.853651,3.269387,2.429710,0.835798,9.851242,0.197722,2.557353,1.529724
1774177505.129383,493.059000,493.127000,492.971000,1774177505.031199,2.000000,2.000000,480,640,0.197719,2.556688,1.545261,9.855018,9.855018,9.855018,9.855018,1.036803,1.025646,1.070414,1.352591,2.403754,2.214988,1.844848,3.285294,2.916985,0.849755,9.855018,0.197719,2.556688,1.545261
1774177505.229829,493.159000,493.227000,493.172000,1774177505.031199,2.000000,2.000000,480,640,0.197717,2.556338,1.561293,9.858553,9.858553,9.858553,9.858553,1.026319,1.014020,1.055820,1.328215,2.337090,2.291859,1.835620,3.292114,3.552554,0.867890,9.858553,0.197717,2.556338,1.561293
1774177505.329689,493.259000,493.327000,493.271000,1774177505.231279,2.000000,2.000000,480,640,0.197715,2.556310,1.577697,9.824342,9.824342,9.824342,9.824342,1.015838,1.002331,1.041141,1.303694,2.270710,2.374791,1.826167,3.288160,4.406260,0.882321,9.824342,0.197715,2.556310,1.577697
1774177505.429716,493.359000,493.427000,493.372000,1774177505.231279,2.000000,2.000000,480,640,0.197713,2.556613,1.594404,9.826460,9.826460,9.826460,9.826460,1.005351,0.990504,1.026392,1.279094,2.204914,2.464259,1.816515,3.285301,4.566619,0.896921,9.826460,0.197713,2.556612,1.594404
1774177505.530352,493.459000,493.527000,493.471000,1774177505.431183,2.000000,2.000000,480,640,0.197711,2.557249,1.611301,9.828852,9.828852,9.828852,9.828852,0.994832,0.978585,1.011597,1.254522,2.140185,2.560402,1.806754,3.283332,4.414921,0.913402,9.828852,0.197711,2.557249,1.611301
1774177505.631258,493.559000,493.627000,493.571000,1774177505.431183,2.000000,2.000000,480,640,0.197709,2.558224,1.628312,9.831598,9.831598,9.831598,9.831598,0.984266,0.966507,0.996771,1.230047,2.076788,2.663547,1.800034,3.282119,4.268621,0.932046,9.831598,0.197709,2.558224,1.628312
1774177505.735904,493.659000,493.727000,493.672000,1774177505.631201,2.000000,2.000000,480,640,0.197708,2.559536,1.645332,9.794299,9.794299,9.794299,9.794299,0.973616,0.954326,0.981936,1.205783,2.015183,2.773455,1.798654,3.294707,4.128912,0.947575,0.997087,0.197708,2.559536,1.645332
1774177505.829380,493.759000,493.827000,493.771000,1774177505.631201,2.000000,2.000000,480,640,0.197706,2.561186,1.662268,9.796985,9.796985,9.796985,9.796985,0.962860,0.941954,0.967104,1.181791,1.955555,2.890138,1.796317,3.311884,3.996159,0.963414,1.006325,0.197706,2.561186,1.662268
1774177505.932411,493.859000,493.927000,493.872000,1774177505.831189,2.000000,2.000000,480,640,0.197705,2.563170,1.679029,9.800708,9.800708,9.800708,9.800708,0.951968,0.929484,0.952284,1.158128,1.898089,3.013355,1.787290,3.311179,3.870717,0.979607,1.015780,0.197705,2.563170,1.679029
1774177506.035281,493.959000,494.027000,493.971000,1774177505.831189,2.000000,2.000000,480,640,0.197704,2.565484,1.695520,9.805732,9.805732,9.805732,9.805732,0.940912,0.916800,0.937483,1.134847,1.842916,3.142682,1.778655,3.310557,3.752795,0.996202,1.025498,0.197704,2.565484,1.695521
1774177506.134109,494.059000,494.127000,494.071000,1774177506.031391,2.000000,2.000000,480,640,0.197703,2.568119,1.711653,9.768785,9.768785,9.768785,9.768785,0.929663,0.904019,0.922707,1.111987,1.790127,3.277460,1.770532,3.309885,3.642491,1.013252,1.035518,0.197703,2.568119,1.711653
1774177506.229402,494.159000,494.227000,494.172000,1774177506.031391,2.000000,2.000000,480,640,0.197703,2.571068,1.727334,9.775603,9.775603,9.775603,9.775603,0.918192,0.891022,0.907957,1.089581,1.739774,3.416776,1.763039,3.309045,3.539802,1.030813,1.045876,0.197703,2.571069,1.727334
1774177506.329768,494.259000,494.327000,494.271000,1774177506.231214,2.000000,2.000000,480,640,0.197702,2.574321,1.742492,9.784592,9.784592,9.784592,9.784592,0.906470,0.877918,0.893235,1.067655,1.691881,3.559394,1.756303,3.320830,3.444673,1.048950,1.056604,0.197702,2.574321,1.742492
1774177506.429663,494.359000,494.427000,494.371000,1774177506.231214,2.000000,2.000000,480,640,0.197702,2.577865,1.757046,9.750503,9.750503,9.750503,9.750503,0.894476,0.864626,0.878538,1.046217,1.646412,3.703957,1.750434,3.334771,3.356882,1.103091,1.067723,0.197702,2.577865,1.757046
1774177506.529450,494.459000,494.527000,494.471000,1774177506.431328,2.000000,2.000000,480,640,0.197702,2.581687,1.770926,9.762858,9.762858,9.762858,9.762858,0.882185,0.851201,0.863866,1.025281,1.603349,5.428358,1.745566,3.361135,3.332140,1.162772,1.087207,0.197702,2.581687,1.770926
1774177506.629398,494.559000,494.627000,494.471000,1774177506.431328,2.000000,2.000000,480,640,0.197702,2.585773,1.784070,9.778381,9.778381,9.778381,9.778381,0.869579,0.837654,0.849217,1.004852,1.562645,5.413877,1.741825,3.386836,3.329034,1.222104,1.107481,0.197702,2.585773,1.784070
1774177506.729627,494.659000,494.727000,494.471000,1774177506.631258,2.000000,2.000000,480,640,0.197702,2.590107,1.796389,9.748844,9.748844,9.748844,9.748844,0.856643,0.823924,0.834588,0.984928,1.524241,5.399439,1.739348,1.812013,3.352676,1.280543,1.125116,0.197702,2.590107,1.796389
1774177506.829502,494.759000,494.827000,494.771000,1774177506.631258,2.000000,2.000000,480,640,0.197702,2.594672,1.807888,9.769621,9.769621,9.769621,9.769621,0.843358,0.810088,0.819979,0.965523,1.488127,5.220609,1.738310,1.786806,3.347616,1.337418,1.141484,0.197702,2.594672,1.807888
1774177506.932590,494.859000,494.927000,494.871000,1774177506.831198,2.000000,2.000000,480,640,0.197702,2.599451,1.818518,9.744310,9.744310,9.744310,9.744310,0.829741,0.796147,0.805388,0.946592,1.454082,5.010782,1.738760,1.763095,3.368846,1.392395,1.164145,0.197702,2.599451,1.818518
1774177507.030245,494.959000,495.017000,494.971000,1774177506.831198,2.000000,2.000000,480,640,0.197702,2.603921,1.827282,9.771342,9.771342,9.771342,9.771342,0.815785,0.782101,0.790814,0.928143,1.422092,4.835029,1.742463,1.740889,3.361874,1.444797,1.178078,0.197702,2.603921,1.827282
1774177507.131698,495.059000,495.117000,494.971000,1774177507.031199,2.000000,2.000000,480,640,0.041912,2.605674,1.799760,9.754482,9.754482,9.754482,9.754482,0.801519,0.768209,0.776666,0.911127,1.394894,4.722689,1.767222,1.728433,3.378493,1.488333,1.202822,0.041912,2.605674,1.799760
1774177507.229940,495.159000,495.217000,495.171000,1774177507.031199,2.000000,2.000000,480,640,0.002252,2.605328,1.744421,9.762970,9.762970,9.762970,0.964702,0.786588,0.764909,0.780739,0.940946,1.514933,5.347197,1.730520,1.808205,3.379866,1.286868,1.197348,0.002252,2.605328,1.744421
1774177507.333358,495.259000,495.317000,495.171000,1774177507.231297,2.000000,2.000000,480,640,0.002547,2.605225,1.687996,9.775348,9.775348,9.775348,0.921444,0.773057,0.760569,0.786443,0.975839,1.666712,3.191901,1.738029,3.380196,3.780788,1.203768,1.224650,0.002547,2.605225,1.687996
1774177507.430065,495.359000,495.417000,495.371000,1774177507.231297,2.000000,2.000000,480,640,0.000590,2.605200,1.632132,9.791226,9.791226,9.791226,0.882991,0.761647,0.755850,0.794672,1.017702,1.865094,2.777492,1.748196,3.379204,4.456363,1.201525,1.268825,0.000590,2.605200,1.632132
1774177507.529488,495.459000,495.517000,495.472000,1774177507.431307,2.000000,2.000000,480,640,0.000481,2.605124,1.575273,9.754286,9.754286,9.754286,0.849827,0.752723,0.751029,0.805588,1.067022,2.126438,2.469481,1.757899,3.405243,3.298928,1.208922,9.754286,0.000481,2.605124,1.575273
1774177507.630088,495.559000,495.617000,495.571000,1774177507.431307,2.000000,2.000000,480,640,0.000694,2.605095,1.517572,9.771370,9.771370,9.771370,0.820553,0.745993,0.745978,0.819711,1.126793,2.494604,2.227798,1.764701,3.403382,2.380312,1.208702,9.771370,0.000694,2.605095,1.517572
1774177507.734966,495.659000,495.717000,495.671000,1774177507.631191,2.000000,2.000000,480,640,0.000747,2.605059,1.458993,9.790977,9.790977,9.790977,0.794860,0.740622,0.742219,0.837418,1.199649,3.046682,2.034838,1.760871,3.400660,1.856856,1.216486,9.790977,0.000747,2.605059,1.458993
1774177507.829619,495.759000,495.817000,495.771000,1774177507.631191,2.000000,2.000000,480,640,0.000800,2.605045,1.399627,9.811254,9.811254,9.811254,0.772695,0.735091,0.740784,0.859052,1.288589,3.949072,1.879717,1.766836,3.417417,1.523239,1.216249,9.811254,0.000800,2.605045,1.399627
1774177507.929664,495.859000,495.917000,495.871000,1774177507.831280,2.000000,2.000000,480,640,0.000854,2.605024,1.339479,9.784605,9.784605,0.932390,0.753190,0.729250,0.741802,0.886125,1.402633,5.367844,1.781259,1.807918,3.418895,1.287193,1.226885,9.784605,0.000854,2.605024,1.339479
1774177508.030280,495.959000,496.017000,495.971000,1774177507.831280,2.000000,2.000000,480,640,0.000907,2.604998,1.278602,9.810610,9.810610,0.883753,0.736821,0.723221,0.745465,0.918865,1.547672,3.418004,1.779237,3.415018,3.714017,1.228334,1.258723,9.810610,0.000907,2.604998,1.278602
1774177508.129724,496.059000,496.117000,495.971000,1774177508.031295,2.000000,2.000000,480,640,0.000961,2.604965,1.217058,9.839222,9.839222,0.841623,0.723259,0.717068,0.751999,0.958771,1.738948,2.929120,1.784553,3.433386,4.405620,1.230437,9.839222,9.839222,0.000961,2.604965,1.217058
1774177508.229527,496.159000,496.217000,496.171000,1774177508.031295,2.000000,2.000000,480,640,0.001014,2.604924,1.154919,9.815215,9.815215,0.805153,0.712427,0.710714,0.761697,1.007509,2.000622,2.571478,1.797666,3.426322,3.246027,1.242293,9.815215,9.815215,0.001014,2.604924,1.154920
1774177508.329769,496.259000,496.317000,496.171000,1774177508.231197,2.000000,2.000000,480,640,0.001058,2.604873,1.092248,9.846886,9.846886,0.773670,0.704286,0.704307,0.774930,1.067336,2.377231,2.300220,1.789686,3.444607,2.286811,1.245261,9.846886,9.846886,0.001058,2.604872,1.092248
1774177508.430201,496.359000,496.417000,496.371000,1774177508.231197,2.000000,2.000000,480,640,0.001795,2.604818,1.029152,9.825138,9.825138,0.746628,0.697743,0.699624,0.792174,1.141413,2.961232,2.088851,1.805966,3.451648,1.767603,1.248635,9.825138,9.825138,0.001795,2.604818,1.029152
1774177508.529642,496.459000,496.517000,496.471000,1774177508.431936,2.000000,2.000000,480,640,0.002071,2.604818,0.965623,9.859426,0.920218,0.723801,0.691231,0.697685,0.813810,1.233287,3.981205,1.920712,1.798492,3.453087,1.444033,1.257172,9.859426,9.859426,0.002071,2.604818,0.965623
1774177508.629729,496.559000,496.617000,496.471000,1774177508.431936,2.000000,2.000000,480,640,0.001608,2.604839,0.901968,9.838555,0.864946,0.704434,0.684654,0.698516,0.841212,1.352284,5.373114,1.812365,1.840384,3.470262,1.265259,1.274879,9.838555,9.838555,0.001608,2.604839,0.901968
1774177508.729680,496.659000,496.717000,496.672000,1774177508.631238,2.000000,2.000000,480,640,0.001479,2.604858,0.838188,9.873747,0.817655,0.688305,0.677996,0.702333,0.874675,1.505648,3.371155,1.808706,3.460231,3.910272,1.269061,1.322078,9.873747,9.873747,0.001479,2.604857,0.838188
1774177508.829719,496.759000,496.817000,496.771000,1774177508.631238,2.000000,2.000000,480,640,0.001640,2.604871,0.774354,9.852546,0.778302,0.675519,0.671481,0.709248,0.915720,1.710981,2.897514,1.817732,3.476750,4.460515,1.272887,9.852546,9.852546,9.852546,0.001640,2.604871,0.774354
1774177508.929786,496.859000,496.917000,496.871000,1774177508.831355,2.000000,2.000000,480,640,0.000230,2.604883,0.710601,9.831320,0.744245,0.665741,0.665062,0.719524,0.966025,1.997055,2.552954,1.817703,3.468321,2.817842,1.285851,9.831320,9.831320,9.831320,0.000230,2.604883,0.710601
1774177509.029630,496.959000,497.017000,496.971000,1774177508.831355,2.000000,2.000000,480,640,0.000816,2.604893,0.647008,9.864927,0.716024,0.658808,0.659208,0.733468,1.027864,2.418853,2.292761,1.820896,3.482967,2.072045,1.289292,9.864927,9.864927,9.864927,0.000816,2.604893,0.647008
1774177509.129543,497.059000,497.117000,497.071000,1774177509.031189,2.000000,2.000000,480,640,0.002817,2.604890,0.583621,0.899405,0.692045,0.652682,0.655838,0.751506,1.104492,3.097204,2.090557,1.826718,3.495730,1.648728,1.292512,9.841621,9.841621,9.841621,0.002817,2.604890,0.583621
1774177509.229482,497.159000,497.217000,497.071000,1774177509.031189,2.000000,2.000000,480,640,0.000098,2.604880,0.520555,0.841884,0.671925,0.646673,0.655272,0.774156,1.200453,4.354933,1.930166,1.820886,3.489579,1.377980,1.304719,9.873633,9.873633,9.873633,0.000098,2.604880,0.520555
1774177509.330063,497.259000,497.317000,497.271000,1774177509.231425,2.000000,2.000000,480,640,0.004175,2.604796,0.457566,0.794791,0.655644,0.640954,0.657561,0.802132,1.322658,5.359030,1.833822,1.863641,3.511771,1.307112,1.337784,9.847447,9.847447,9.847447,0.004175,2.604795,0.457566
1774177509.429865,497.359000,497.417000,497.371000,1774177509.231425,2.000000,2.000000,480,640,0.000220,2.604748,0.395242,0.754801,0.642795,0.635609,0.662787,0.836168,1.482482,3.281401,1.823218,3.496627,4.128635,1.318655,9.877772,9.877772,9.877772,9.877772,0.000220,2.604748,0.395242
1774177509.529386,497.459000,497.517000,497.471000,1774177509.431235,2.000000,2.000000,480,640,0.000282,2.604619,0.332653,0.721112,0.632730,0.630364,0.671250,0.878612,1.698149,2.852110,1.829013,3.513218,3.828040,1.320269,9.849802,9.849802,9.849802,9.849802,0.000282,2.604619,0.332653
1774177509.629634,497.559000,497.617000,497.471000,1774177509.431235,2.000000,2.000000,480,640,0.000343,2.604456,0.270701,0.692842,0.625688,0.625513,0.682795,0.929304,1.997279,2.537223,1.834053,3.504456,2.628763,1.330722,9.876256,9.876256,9.876256,9.876256,0.000343,2.604456,0.270701
1774177509.729703,497.659000,497.717000,497.671000,1774177509.631348,2.000000,2.000000,480,640,0.003590,2.604333,0.209619,0.669671,0.621015,0.621913,0.697825,0.991602,2.444215,2.294385,1.822253,3.504902,2.017519,1.330984,9.902981,9.902981,9.902981,0.880852,0.003590,2.604333,0.209619
1774177509.833038,497.759000,497.817000,497.771000,1774177509.631348,2.000000,2.000000,480,640,0.002301,2.604166,0.149124,0.650205,0.616788,0.620891,0.716988,1.067675,3.166267,2.104456,1.826800,3.513887,1.652064,1.340224,9.866798,9.866798,9.866798,0.825917,0.002301,2.604167,0.149124
1774177509.930053,497.859000,497.917000,497.871000,1774177509.831222,2.000000,2.000000,480,640,0.001846,2.603996,0.089322,0.634614,0.612955,0.622497,0.740224,1.161698,4.521482,1.952432,1.833238,3.506815,1.410132,1.348764,9.887610,9.887610,9.887610,0.780487,0.001846,2.603997,0.089322
1774177510.029610,497.959000,498.017000,497.971000,1774177509.831222,2.000000,2.000000,480,640,0.005233,2.603851,0.030385,0.622303,0.609540,0.626652,0.768391,1.280158,5.328763,1.828185,1.838774,3.514489,1.346542,1.378980,9.847136,9.847136,9.847136,0.742535,0.005233,2.603851,0.030385
1774177510.129812,498.059000,498.117000,498.071000,1774177510.031285,2.000000,2.000000,480,640,0.000638,2.603739,-0.027067,0.612725,0.606376,0.633400,0.801665,1.429861,3.317702,1.821378,3.520699,4.091684,1.353266,9.861294,9.861294,9.861294,9.861294,0.711118,0.000638,2.603739,-0.027067
1774177510.229481,498.159000,498.217000,498.171000,1774177510.031285,2.000000,2.000000,480,640,0.000472,2.603671,-0.083450,0.605874,0.603541,0.642386,0.840180,1.620694,2.919346,1.816960,3.517252,4.105187,1.358974,9.871031,9.871031,9.871031,9.871031,0.685005,0.000472,2.603671,-0.083450
1774177510.333532,498.259000,498.317000,498.171000,1774177510.231230,2.000000,2.000000,480,640,0.000747,2.603601,-0.138938,0.601303,0.601002,0.654051,0.886064,1.881929,2.618976,1.813906,3.514871,2.905066,1.363832,9.877681,9.877681,9.877681,9.877681,0.663233,0.000747,2.603601,-0.138938
1774177510.429352,498.359000,498.417000,498.371000,1774177510.231230,2.000000,2.000000,480,640,0.000659,2.603523,-0.193541,0.598805,0.599294,0.668476,0.940357,2.241096,2.385116,1.812101,3.513460,2.271663,1.367814,9.881270,9.881270,9.881270,0.860752,0.645196,0.000659,2.603523,-0.193541
1774177510.529741,498.459000,498.517000,498.471000,1774177510.431224,2.000000,2.000000,480,640,0.000854,2.603443,-0.247242,0.596938,0.599627,0.686023,1.005522,2.788563,2.198597,1.811535,3.513001,1.881767,1.370907,9.881727,9.881727,9.881727,0.813727,0.630398,0.000854,2.603443,-0.247242
1774177510.629494,498.559000,498.617000,498.571000,1774177510.431224,2.000000,2.000000,480,640,0.000906,2.603358,-0.300059,0.595375,0.602014,0.706576,1.082665,3.681963,2.046964,1.812193,3.513477,1.618637,1.373113,9.879042,9.879042,9.879042,0.774475,0.618446,0.000906,2.603358,-0.300059
1774177510.736834,498.659000,498.717000,498.571000,1774177510.631268,2.000000,2.000000,480,640,0.000956,2.603269,-0.352010,0.594146,0.606307,0.730323,1.175599,5.292051,1.921801,1.814080,3.514888,1.429882,1.374439,9.873223,9.873223,9.873223,0.741549,0.609020,0.000956,2.603269,-0.352010
1774177510.829585,498.759000,498.817000,498.771000,1774177510.631268,2.000000,2.000000,480,640,0.001431,2.603180,-0.403106,0.593200,0.612590,0.758117,1.287663,5.286801,1.817150,1.812195,3.560927,1.385878,1.409652,9.864414,9.864414,9.864414,0.713840,0.601864,0.001431,2.603180,-0.403106
1774177510.929774,498.859000,498.917000,498.771000,1774177510.831234,2.000000,2.000000,480,640,0.001052,2.603083,-0.453421,0.592539,0.620834,0.790539,1.429150,3.270377,1.801713,1.902987,4.086503,1.385477,9.852719,9.852719,9.852719,9.852719,0.690500,0.596772,0.001052,2.603083,-0.453421
1774177511.034672,498.959000,499.017000,498.771000,1774177510.831234,2.000000,2.000000,480,640,0.001082,2.602987,-0.502965,0.592154,0.631197,0.827570,1.606301,2.924419,1.794015,3.499738,4.315729,1.384276,9.838405,9.838405,9.838405,9.838405,0.670857,0.593580,0.001082,2.602988,-0.502965
1774177511.129654,499.059000,499.117000,499.071000,1774177511.031452,2.000000,2.000000,480,640,0.000593,2.602913,-0.551827,0.592041,0.643411,0.869811,1.833347,2.653884,1.800164,3.504368,3.188583,1.393645,9.821691,9.821691,9.821691,0.907314,0.654386,0.592162,0.000593,2.602913,-0.551827
1774177511.229432,499.159000,499.217000,499.171000,1774177511.031452,2.000000,2.000000,480,640,0.000541,2.602942,-0.599927,0.592400,0.657999,0.919517,2.144038,2.436982,1.793971,3.509805,2.549290,1.390959,9.863993,9.863993,9.863993,0.859987,0.640588,0.592127,0.000541,2.602942,-0.599927
1774177511.329406,499.259000,499.317000,499.271000,1774177511.231212,2.000000,2.000000,480,640,0.000617,2.602986,-0.647369,0.594169,0.674457,0.976407,2.576231,2.259937,1.783617,3.502428,2.138906,1.393245,9.842045,9.842045,9.842045,0.819962,0.629128,0.592340,0.000617,2.602986,-0.647369
1774177511.429405,499.359000,499.417000,499.371000,1774177511.231212,2.000000,2.000000,480,640,0.000640,2.603022,-0.694250,0.597516,0.693573,1.042098,3.218271,2.112620,1.792491,3.498590,1.853249,1.395233,9.816831,9.816831,9.816831,0.785960,0.619830,0.592784,0.000640,2.603022,-0.694250
1774177511.533053,499.459000,499.517000,499.471000,1774177511.431238,2.000000,2.000000,480,640,0.000720,2.603052,-0.740651,0.602474,0.715654,1.120914,4.310626,1.988371,1.776348,3.505903,1.643303,1.396956,9.854709,9.854709,9.854709,0.756938,0.612477,0.593469,0.000720,2.603052,-0.740651
1774177511.629529,499.559000,499.617000,499.571000,1774177511.431238,2.000000,2.000000,480,640,0.000765,2.603077,-0.786656,0.608883,0.740317,1.212731,5.246901,1.882291,1.780444,3.489518,1.482636,1.397158,9.827326,9.827326,9.827326,0.732081,0.606895,0.594370,0.000765,2.603077,-0.786656
1774177511.734611,499.659000,499.717000,499.671000,1774177511.631280,2.000000,2.000000,480,640,0.001192,2.603100,-0.832343,0.616965,0.768694,1.324456,3.596359,1.790801,1.771362,3.551475,1.403461,1.416100,9.799317,9.799317,9.799317,0.710759,0.602955,0.595469,0.001192,2.603100,-0.832343
1774177511.829422,499.759000,499.817000,499.771000,1774177511.631280,2.000000,2.000000,480,640,0.001138,2.603113,-0.877850,0.626832,0.801375,1.462734,3.203639,1.769900,1.852644,4.035296,1.397196,1.450743,9.831800,9.831800,9.831800,0.692481,0.600557,0.596801,0.001138,2.603113,-0.877850
1774177511.930101,499.859000,499.917000,499.771000,1774177511.831244,2.000000,2.000000,480,640,0.000549,2.603128,-0.923197,0.638274,0.838000,1.634178,2.893652,1.764881,3.489425,4.548388,1.402790,9.802070,9.802070,9.802070,0.970344,0.676857,0.599640,0.598309,0.000549,2.603128,-0.923198
1774177512.029644,499.959000,500.017000,499.771000,1774177511.831244,2.000000,2.000000,480,640,0.000893,2.603140,-0.968517,0.651902,0.880899,1.854366,2.642776,1.759568,3.479612,3.444067,1.395846,9.834201,9.834201,9.834201,0.920807,0.663581,0.600166,0.600033,0.000893,2.603140,-0.968517
1774177512.129574,500.059000,500.117000,500.071000,1774177512.031258,2.000000,2.000000,480,640,0.200145,2.598545,-0.999222,0.668520,0.931998,2.156435,2.430429,1.761153,3.479229,2.767715,1.400986,9.808388,9.808388,9.808388,0.878067,0.652794,0.602663,0.603196,0.200145,2.598545,-0.999222
1774177512.229408,500.159000,500.217000,500.171000,1774177512.031258,2.000000,2.000000,480,640,0.200424,2.587752,-0.996952,0.686873,0.959715,2.236621,2.387398,1.746436,3.463252,2.697664,1.385460,9.766778,9.766778,9.766778,0.898374,0.669048,0.618356,0.618982,0.200424,2.587752,-0.996952
1774177512.330006,500.259000,500.317000,500.271000,1774177512.231371,2.000000,2.000000,480,640,0.200426,2.576923,-0.994941,0.703495,0.977025,2.233212,2.387655,1.744669,3.450915,2.758185,1.359676,9.807031,9.807031,9.807031,0.932452,0.690569,0.635929,0.636360,0.200426,2.576923,-0.994941
1774177512.429697,500.359000,500.417000,500.371000,1774177512.231371,2.000000,2.000000,480,640,0.200428,2.566063,-0.993299,0.720234,0.994542,2.232642,2.386717,1.743316,3.443281,2.820694,1.346144,9.788334,9.788334,9.788334,0.967060,0.712308,0.653621,0.653873,0.200428,2.566063,-0.993299
1774177512.536575,500.459000,500.507000,500.371000,1774177512.431260,2.000000,2.000000,480,640,0.200430,2.556268,-0.992217,0.737123,1.012371,2.235277,2.384061,1.739350,3.435197,2.883972,1.320769,9.771152,9.771152,9.771152,9.771152,0.734229,0.671381,0.671520,0.200430,2.556268,-0.992217
1774177512.629544,500.559000,500.617000,500.571000,1774177512.431260,2.000000,2.000000,480,640,0.200432,2.544279,-0.991483,0.754369,1.030813,2.241598,2.379309,1.727068,3.426500,2.946414,1.305766,9.756177,9.756177,9.756177,9.756177,0.756289,0.689246,0.689298,0.200432,2.544279,-0.991483
1774177512.729523,500.659000,500.717000,500.571000,1774177512.631239,2.000000,2.000000,480,640,0.200434,2.533374,-0.991447,0.771478,1.049406,2.251653,2.371947,1.715352,3.395997,3.006047,1.282651,9.743497,9.743497,9.743497,9.743497,0.778435,0.707233,0.707200,0.200434,2.533374,-0.991447
1774177512.829574,500.759000,500.817000,500.571000,1774177512.631239,2.000000,2.000000,480,640,0.200436,2.522473,-0.992086,0.788982,1.068754,2.265673,2.361919,1.717011,3.381529,3.061595,1.258379,9.732810,9.732810,9.732810,9.732810,0.800630,0.725330,0.725216,0.200436,2.522473,-0.992086
1774177512.929879,500.859000,500.907000,500.871000,1774177512.831260,2.000000,2.000000,480,640,0.200437,2.512678,-0.993389,0.806767,1.088876,2.284500,2.348161,1.716408,3.369762,3.109217,1.245648,9.724615,9.724615,9.724615,9.724615,0.822785,0.743528,0.743340,0.200437,2.512678,-0.993389
1774177513.033641,500.959000,501.007000,500.871000,1774177512.831260,2.000000,2.000000,480,640,0.200438,2.501822,-0.995578,0.824828,1.109772,2.307915,2.330535,1.697964,3.356902,3.147593,1.222141,9.718759,9.718759,9.718759,9.718759,0.844862,0.761812,0.761529,0.200438,2.501822,-0.995578
1774177513.129534,501.059000,501.107000,500.871000,1774177513.031266,2.000000,2.000000,480,640,0.200439,2.491010,-0.998624,0.843184,1.131525,2.336183,2.309397,1.702430,3.342845,3.174408,1.199183,9.715281,9.715281,9.715281,9.715281,0.866802,0.780166,0.779766,0.200439,2.491010,-0.998624
1774177513.238818,501.159000,501.207000,500.871000,1774177513.031266,2.000000,2.000000,480,640,0.200440,2.480255,-1.002481,0.861821,1.154101,2.368982,2.284024,1.691729,3.327643,3.189161,1.185148,9.713979,9.713979,9.713979,9.713979,0.888581,0.798575,0.798073,0.200440,2.480255,-1.002481
1774177513.336798,501.259000,501.307000,501.272000,1774177513.231190,2.000000,2.000000,480,640,0.200441,2.469573,-1.007354,0.880821,1.177788,2.407747,2.254292,1.690682,3.310984,3.187025,1.165153,9.715317,9.715317,9.715317,9.715317,0.910078,0.817026,0.816446,0.200441,2.469573,-1.007354
1774177513.429454,501.359000,501.407000,501.371000,1774177513.231190,2.000000,2.000000,480,640,0.200441,2.458982,-1.013184,0.900169,1.202553,2.452210,2.220323,1.677890,3.318537,3.168322,1.143532,9.719109,9.719109,9.719109,9.719109,0.931272,0.835505,0.834870,0.200441,2.458982,-1.013184
1774177513.529561,501.459000,501.507000,501.471000,1774177513.431254,2.000000,2.000000,480,640,0.200441,2.448497,-1.019988,0.919879,1.228465,2.502725,2.182190,1.684277,3.299438,3.132492,1.122426,9.677906,9.677906,9.677906,9.677906,0.952116,0.853999,0.853335,0.200441,2.448497,-1.019988
1774177513.629661,501.559000,501.607000,501.571000,1774177513.431254,2.000000,2.000000,480,640,0.200440,2.438136,-1.027770,0.939969,1.255596,2.559673,2.140067,1.672081,3.278484,3.079729,1.101816,9.686574,9.686574,9.686574,9.686574,0.972568,0.872499,0.871832,0.200440,2.438136,-1.027770
1774177513.729510,501.659000,501.707000,501.571000,1774177513.631251,2.000000,2.000000,480,640,0.200440,2.427917,-1.036527,0.960451,1.284009,2.624164,2.094221,1.661656,3.256136,3.010996,1.081679,9.697583,9.697583,9.697583,9.697583,0.992598,0.890996,0.890355,0.200440,2.427917,-1.036527
1774177513.829797,501.759000,501.807000,501.771000,1774177513.631251,2.000000,2.000000,480,640,0.200439,2.417855,-1.046251,0.981343,1.313774,2.694574,2.044982,1.665087,3.258955,2.927853,1.061993,9.665817,9.665817,9.665817,9.665817,1.012179,0.909485,0.908902,0.200439,2.417856,-1.046251
1774177513.930294,501.859000,501.907000,501.771000,1774177513.831204,2.000000,2.000000,480,640,0.200438,2.407970,-1.056919,1.002878,1.345282,2.774392,1.992752,1.665143,3.233622,2.832401,1.042735,9.681138,9.681138,9.681138,9.681138,1.031294,0.927964,0.927469,0.200438,2.407970,-1.056919
1774177514.029764,501.959000,502.007000,501.971000,1774177513.831204,2.000000,2.000000,480,640,0.200437,2.398277,-1.068449,1.024377,1.377500,2.860294,1.938263,1.658478,3.234225,2.728203,1.023844,9.655364,9.655364,9.655364,9.655364,1.049972,0.946431,0.946055,0.200437,2.398277,-1.068449
1774177514.129578,502.059000,502.107000,501.971000,1774177514.031256,2.000000,2.000000,480,640,0.200435,2.388794,-1.080913,1.046592,1.411732,2.956943,1.881328,1.653221,3.206029,2.615173,1.005382,9.674060,9.674060,9.674060,9.674060,1.068133,0.964892,0.964634,0.200435,2.388794,-1.080913
1774177514.229619,502.159000,502.207000,502.171000,1774177514.031256,2.000000,2.000000,480,640,0.200433,2.379538,-1.094194,1.069252,1.447493,3.064162,1.822974,1.649116,3.204180,2.497975,0.987254,9.653537,9.653537,9.653537,9.653537,1.085850,0.983350,0.983181,0.200433,2.379538,-1.094193
1774177514.330001,502.259000,502.307000,502.271000,1774177514.231250,2.000000,2.000000,480,640,0.200431,2.370523,-1.108245,1.092614,1.485263,3.180784,1.763578,1.646085,3.173594,2.378516,0.960733,9.635900,9.635900,9.635900,9.635900,1.103129,1.001811,1.001749,0.200431,2.370523,-1.108245
1774177514.429412,502.359000,502.407000,502.371000,1774177514.231250,2.000000,2.000000,480,640,0.200429,2.361766,-1.123006,1.116216,1.524313,3.308643,1.703621,1.644025,3.169600,2.258900,0.942801,9.658704,9.658704,9.658704,9.658704,1.119993,1.020283,1.020343,0.200429,2.361766,-1.123006
1774177514.529560,502.459000,502.507000,502.471000,1774177514.431291,2.000000,2.000000,480,640,0.200427,2.353279,-1.138364,1.140014,1.564524,3.446524,1.643710,1.642792,3.165070,2.141397,0.925525,9.643996,9.643996,9.643996,9.643996,1.136500,1.038772,1.038969,0.200427,2.353279,-1.138364
1774177514.629427,502.559000,502.607000,502.571000,1774177514.431291,2.000000,2.000000,480,640,0.200425,2.345076,-1.154331,1.164557,1.606933,3.599376,1.633592,1.659426,3.143643,2.026275,0.904964,9.632095,9.632095,9.632095,9.632095,1.152634,1.057268,1.057642,0.200425,2.345076,-1.154331
1774177514.729492,502.659000,502.707000,502.571000,1774177514.631274,2.000000,2.000000,480,640,0.200423,2.337168,-1.170777,1.189549,1.650985,3.765890,1.626637,1.676717,3.125504,1.916495,0.883119,9.621547,9.621547,9.621547,9.621547,1.168470,1.075664,1.076364,0.200423,2.337168,-1.170777
1774177514.830094,502.759000,502.807000,502.571000,1774177514.631274,2.000000,2.000000,480,640,0.200421,2.329567,-1.187619,1.214979,1.696671,3.947094,1.627819,1.695008,3.118606,1.809373,0.866215,9.612864,9.612864,9.612864,9.612864,1.184047,1.094069,1.095141,0.200421,2.329566,-1.187619
1774177514.930292,502.859000,502.907000,502.872000,1774177514.831251,2.000000,2.000000,480,640,0.200418,2.322279,-1.204768,1.240822,1.743931,4.143831,1.629498,3.318401,3.111850,1.708704,0.842040,9.638247,9.638247,9.638247,9.638247,1.199410,1.112354,1.113975,0.200418,2.322279,-1.204768
1774177515.029654,502.959000,503.007000,502.872000,1774177514.831251,2.000000,2.000000,480,640,0.200416,2.315312,-1.222131,1.267312,1.793182,4.359101,1.631768,3.275211,3.105019,1.613640,0.824711,9.630900,9.630900,9.630900,9.630900,1.214603,1.130629,1.132868,0.200416,2.315312,-1.222131
1774177515.129591,503.059000,503.107000,503.071000,1774177515.031208,2.000000,2.000000,480,640,0.200414,2.308672,-1.239616,1.293603,1.842804,4.589209,1.623201,3.233162,3.079933,1.524259,0.806692,9.624290,9.624290,9.624290,9.624290,1.229671,1.148786,1.151815,0.200414,2.308672,-1.239616
1774177515.229888,503.159000,503.207000,503.171000,1774177515.031208,2.000000,2.000000,480,640,0.200412,2.302362,-1.257127,1.320444,1.894150,4.834053,1.623255,3.192005,3.061556,1.440499,0.783653,9.618282,9.618282,9.618282,9.618282,1.244657,1.166900,1.170811,0.200412,2.302361,-1.257127
1774177515.329721,503.259000,503.307000,503.271000,1774177515.231347,2.000000,2.000000,480,640,0.200411,2.296382,-1.274569,1.347506,1.947066,5.101473,1.626448,3.151906,3.054929,1.362197,0.767008,9.613397,9.613397,9.613397,9.613397,1.259602,1.184908,1.189844,0.200411,2.296382,-1.274569
1774177515.439816,503.359000,503.407000,503.371000,1774177515.231347,2.000000,2.000000,480,640,0.200409,2.290735,-1.291865,1.374733,1.999788,3.674956,1.629804,3.112958,3.048835,1.289036,0.742773,9.608884,9.608884,9.608884,9.608884,1.274535,1.202842,1.208903,0.200409,2.290735,-1.291865
1774177515.529877,503.459000,503.507000,503.371000,1774177515.431257,2.000000,2.000000,480,640,0.200407,2.285415,-1.308889,1.402002,2.054055,3.406458,1.632599,3.075378,3.043545,1.220948,0.725926,9.631888,9.631888,9.631888,9.631888,1.289512,1.220674,1.227962,0.200407,2.285415,-1.308889
1774177515.630537,503.559000,503.607000,503.571000,1774177515.431257,2.000000,2.000000,480,640,0.200406,2.280420,-1.325572,1.429252,2.107508,3.170603,1.624813,3.039181,3.031838,1.157471,0.703589,9.626460,9.626460,9.626460,9.626460,1.304549,1.238418,1.247004,0.200406,2.280420,-1.325572
1774177515.731303,503.659000,503.707000,503.571000,1774177515.631201,2.000000,2.000000,480,640,0.200405,2.275744,-1.341829,1.456651,2.161959,2.956899,1.628594,3.004452,3.093869,1.098319,0.684699,9.621821,9.621821,9.621821,9.621821,1.319680,1.256050,1.266002,0.200405,2.275744,-1.341829
1774177515.829663,503.759000,503.807000,503.571000,1774177515.631201,2.000000,2.000000,480,640,0.200404,2.271378,-1.357579,1.483547,2.215411,2.768732,1.632362,3.001862,3.155293,1.043171,0.667358,9.617322,9.617322,9.617322,9.617322,1.334930,1.273615,1.284930,0.200404,2.271378,-1.357579
1774177515.929854,503.859000,503.907000,503.871000,1774177515.831255,2.000000,2.000000,480,640,0.200403,2.267312,-1.372747,1.509840,2.268016,2.600940,1.636093,3.000751,3.215437,0.991710,0.643220,9.636601,9.636601,9.636601,9.636601,1.350324,1.291024,1.303756,0.200403,2.267313,-1.372747
